,reviewRating,datePublished,description,author,alias
0,{'ratingValue': 3},2019-07-08,"Well it's one the better chili's experiences I have had. 

For an airport location it was pretty good in service. It was clean and not overly crowded. 

Prices were a little high

The salads were marginal

Some liked the chicken crispers 
I thought the crispers were terrible. 

Other meals were not memorable in either direction",Bill B.,chilis-too-chicago-3
1,{'ratingValue': 2},2019-11-23,"I downloaded the app and was offered free chips and dip. This location wouldn't accept it even though it was from THE COMPANY app. They also don't offer other location specials. 

Other prices and menu are normal. We were seated quickly. It would be a little nice to have a bit more space to accommodate bags of travelers.",Shatarah R.,chilis-too-chicago-3
2,{'ratingValue': 2},2019-10-04,"So as soon as you enter the terminal, there is big neon sign for the bar that you won't miss this place. Had an early flight to catch and dreaded to have another breaded affair with the sandwich. So decided to walk into a Chilli's. Well as franchise based chain restaurants go, chilli's is like the quintessential joint.
Ordered the simplest and yet humble pancakes. That pancake had a lot of humility I can tell as they looked like they had no confidence in being called as a pancake. The syrup that they provided was like straight up colored sugar water. Very runny. The sausages were decent. coffee reminded me that I was in the airport
One big relief is that it's not packaged nonsense that Starbucks has. At least they have a kitchen of sorts",Manu A.,chilis-too-chicago-3
3,{'ratingValue': 4},2019-12-06,"Pretty solid Airport Chili's.  Not amazing but good. Always crazy busy,  but the staff seem to stay pleasant in spite of it. Food is not amazing,  but good and familiar. Nice to have this option in O'Hare",Darren O.,chilis-too-chicago-3
4,{'ratingValue': 3},2019-10-13,"Typical Chili's, fast food with cold beer. Good for a quick bite. The buffalo chicken sandwich seemed to be chicken tenders put on a bun. Kind of high priced and unprofessional to pass this off as a ""sandwhich"". Did the job while I was at the airport and the Blue Moon was nice and cold. Prices much higher as anyone would expect at Chicago O'hare International Airport.",Eric Z.,chilis-too-chicago-3
5,{'ratingValue': 3},2019-01-28,"Flight got cancelled and ending up eating here. Didn't have the same experience as other people as I didn't wait long. After I seated my server promptly came over to take my order. Throughout the night she consistently refilled me drinks, even bringing over two at a time.

Looking at the menu, this place obviously isn't a full Chili's. I had a hankering for ribs once I saw Chili's only to find out they don't offer them here. The fajitas were pricey at $20 for 3. It took about 10 minutes for my food to be ready. They steak was a bit tough as well as the shrimp, but they were seasoned surprisingly well. I don't know about paying $20 for what they're offering though as it's worth $10 at best.

Overall, I doubt I'll be back. They serve decent food, but the price and menu selection aren't up to par. 

3 out of 5 stars",Nizel A.,chilis-too-chicago-3
6,{'ratingValue': 1},2019-10-23,"Not a good experience, we stopped here for a bite before we catch our flight, this place was very dirty with some trash and food on the floor and dusty ledges than could easily fall in your food . So we decided to just have a drink and go somewhere else for food ,   I actually took time to notify the manager and he actually acted As if he didn't care. He didn't  even apologize for the standard of the restaurant. I would  be impressed if I were the manager.  By looking at the overall reviews of This location I should have expected this. I will say that our server Diana was super sweet and very friendly.",Skip W.,chilis-too-chicago-3
7,{'ratingValue': 1},2019-11-04,Don't bother!!! I ordered the egg rolls and chicken strips both came out cold. I paid $31 dollars for cold food and a beer. Now others were ordering the fajitas and I saw steam come off of those. One guy got the chili and ate maybe 4 bites. Another couple played it smart and ordered chips and salsa the chips looked greasy and very thin.,Anna A.,chilis-too-chicago-3
8,{'ratingValue': 1},2019-12-01,The food was terrible. The bar tender was slow and even worse than the food.  My presidents margarita was the worst part. I'm still feeling the heartburn. Not to mention the place is dirty looking behind the bar.  Do not go here,Ryan S.,chilis-too-chicago-3
9,{'ratingValue': 1},2019-09-16,"to say that our server keyetta was terrible is an understatement. we could hear her talking badly about us from the second we got there. for some reason we're supposed to know that certain booths aren't available after a certain time????? she treated us like garbage and took forever to get not only
menus, but also drinks. when we confronted her about it she told us to ""write a review"", which is exactly what i'm doing. i get that this is an airport bar but regardless, you just shouldnt treat people like this either way. dear @chilis, please train your staff appropriately, regardless of location.",Alex R.,chilis-too-chicago-3
10,{'ratingValue': 3},2019-03-05,"This is a good sized restaurant for an airport. Service is always a bit slow but the food is good. Make sure you have a bit of time if you have a flight to catch.

The small booth I was seated at was not in good shape. The back came off and I spend a lot of time readjusting it so it would stay put.

I had the Mexibowl with shrimp and was pleasantly surprised how good it was. Sure beats a burger.",Kenn A.,chilis-too-chicago-3
11,{'ratingValue': 1},2019-08-07,"Literally 5 minutes ago, and older woman (presumably a Chili's employee) walked up and took my husband's chair (barstool facing out toward terminal) -while he was inside at the bar getting wine - from the spot next to me, which clearly had his belongings.  I politely told her that it was his chair & she stared at me for a second before slamming it very noisily back into its place.  She then directed a family of 4 or five to sit in the seats next to me and stomped away.  
Good wine, but what an unpleasant person.",Kate M.,chilis-too-chicago-3
12,{'ratingValue': 1},2019-08-14,"Revolting.  Slow service, brusque waitress instructing me to not take up more than two spaces and the table for four (for the one of me -- that was actually a valid comment but delivered with a little too much Ms Trunchable flavor), awful chicken tortilla soup, and garden salad with wilted iceberg lettuce and insipid dressing. But the Coke Zero was spot on!!",Rick Emi G.,chilis-too-chicago-3
13,{'ratingValue': 5},2019-05-12,"This is one of those rare locations where Chili's makes sense.  I want food nicer than McDonalds, but not a funky Tapas bar that serves stale bread assuming that's cool since it's a ""Tapas"". 

Good diverse selection of beers - The usual suspects which will usually accommodate everybody in the group.  Food is the typical tex-mex Americana cuisine i've grown up with and still enjoy.  

Get a Burger and a Beer
Get Chips and dips
Get their Famous Fajitas and enjoy a meals that's pretty good for your standard airport shop.  

Not fancy enough for your palate you say?  drive on 300 paces to the east and they'll have what you're looking for.  don't under star rate this Chili's, celebrate what it is!    - Mullen",Mathew M.,chilis-too-chicago-3
14,{'ratingValue': 5},2018-12-13,"It's an airport Chili's Too so expectations weren't high. 

It was early and we wanted breakfast. We shared two entrees:
- Western Omelet
- French Toast

Our waiter was great. He brought us water and coffee promptly. He took our order and it was out fast. 

The Omelet was decent. It also came with potatoes and fruit. 

The French Toast was also decent. 

So our low expectations were easily met and we'd come back next time through.",Jim B.,chilis-too-chicago-3
15,{'ratingValue': 2},2018-10-03,"As a child and in my teen years I always wanted the superpower of invisibility. Well at this Chili's Too located in the Chicago O'Hare main corridor of K & H I found out I have this superpower. I was seated faintly promptly and waited and waited and waited. I saw individuals being seated after me get waited on while I waited. 

Eventually someone came up and said my server (Albena) would be right with me but they would get my drink order. I went ahead and gave my entire order just in case my ""Cloak of Invisibility"" kicked in again. 

I ordered a side salad and order of fries. They couldn't mess this up and I was right. It tasted okay. Once I was done and needed my check, again I waited and waited for my server, so I eventually grabbed somebody else to get my check. 

I soon realized my server, Ablena, had a superpower ,as well, as she was the femail Flash. She wizzed by me so fast with my check that I barely saw her. I put my credit card down and zip it was gone. Same when it came back. She threw it down, mumbled...thank...something and she was off to the next table. 

Terrible, terrible service. Why, oh why, do airport restaurants allow this type of business in? I know that is a rhetorical statement as it is all about the (Cha-Ching). 

I would not go back for table service. The bar is probably better.",Eddie S.,chilis-too-chicago-3
16,{'ratingValue': 1},2019-09-29,"Never write reviews... but you should be warned if you are trying to eat something before your flight- this is not the place. Just go get something from the magazine stand, even a protein bar and some gum would've been better.",Mckenna V.,chilis-too-chicago-3
17,{'ratingValue': 3},2018-03-19,"Had no problem with service as others have complained about.

During a two hour layover this was one of the few places to eat at the airport of which I found a healthy meal choice. 

Nothing to complain about with my salmon plate and unsweetened iced tea. Airport priced but not horribly bad.

It's a Chili's so don't come in with high hopes and you'll be ok. It's not a Michelin star joint, or celebrity chef venture so don't expect Bobby Flay to be working the fryer.",Phil H.,chilis-too-chicago-3
18,{'ratingValue': 1},2019-05-07,"If you're looking for poorly made food, slow as can be service, and you love being treated like shit, go to this establishment! But do it before 8:35, because even though they're in an airport where people come and go until much later, they close at 9, but don't come in after 8:35, because to quote the old lady at the to-go counter ""some of us want to get home tonight."" Well news flash. Some of us don't have that luxury and we have to patronize this shit hole because we think that we can trust a chain, but damn have I been bitten. 

The person I've dealt with was rude and impatient from the get go. I had just walked up and was looking at the menu, and when I literally need 15-20 seconds to confirm what I wanted, she walked off, and didn't return for 8 minutes, at which point she reminded me they closed in 15 minutes. They then take a solid 5 minutes to take my order and they keep messing it up and asking me to repeat it, I don't know if they were drunk, or just bad at their job.

Finally get my food at 9pm on the dot. And everything is made entirely wrong. I got a Bacon Burger, Medium, No Tomato or Onion, Mayo. What I received was a falling apart, over salted hamburger with no bacon or cheese, and pickles on it? I just choked it down because I needed food after flying all day. The fries were decent. 

Don't waste $20 on trashy people, trashy service, and trashy food.",Adam W.,chilis-too-chicago-3
19,{'ratingValue': 5},2019-09-08,"Very busy foot spot inside the airport next to gate. Food was pretty good, service was quick. They have tv's with sports on so you can catch the game while waiting for your flight. Lots of shops and a spa with massages close",Jo H.,chilis-too-chicago-3
0,{'ratingValue': 1},2019-09-29,"I sent back my meal because it looked nothing like the menu and the description was completely different. I almost laughed when I saw what was presented to me. They told me they would refund me once I refused to eat what was given to me. They pretended to refund my card and when I became hip to their game I asked the manager to come out. She comes out and also pretends to refund it, even giving me a bogus receipt that reads ""table: 0; $0.00"" . Totally fake receipt. The charges are still on my credit card. Not the service I'd expect from a major franchise. Really disappointed. Beware! Don't offer to pay for your tab at the bar and make sure you get what you're ordering before you agree to pay anything at all. I paid upfront so I didn't miss my flight. Turns out even McDonald's is a better option if you're going to get scammed.",Yolanda M.,chilis-too-chicago-3
1,{'ratingValue': 1},2018-12-31,"Expensive, poor service (did not check on us after dropping off food, missing place settings, no offer for coffee refills), and food that could only be described as ""meh."" I wondered why the Starbucks had such a long line and this place was relatively vacant. Now I know. 

Chili's boo.",John W.,chilis-too-chicago-3
2,{'ratingValue': 2},2018-08-16,Honestly there definitely is a reason why this place is empty on Monday morning at 8 in the business Airport in the country. I ordered scrambled eggs bacon and home fries scrambled eggs were quick like an omelette on the bottom and Roar on the top. The bacon was microwave so densely that it just became a stick of bacon that I could not separate so I had to eat it like a beef jerky. The whole price for so salty I could not eat them I asked to return them and get new ones but they said they were all like that so obviously they were made early in the morning sitting in a gigantic batch for the rest of the day. Stay away,Richard W.,chilis-too-chicago-3
3,{'ratingValue': 3},2018-12-01,"Average at best. I waited a long time at the bar to place my order, get my drink and my meal. I wanted to app sampler, but they were out of onion rings, and that messed with my plans. 

I ended up getting the Santa Fe salad, I ordered it with grilled chicken, but it came out fried. It was busy, and I didn't say anything. My salad was ok, nothing special. I would have LOVED a second glass of wine, but I was never asked and couldn't get the bartenders attention. Prices are inflated, but this restaurant is located within an airport, and typically that means higher prices. 

Overall, there are better options at ORD and I wish I didn't go to the first place I saw and kept looking for a place with better food quality and service.",Emily D.,chilis-too-chicago-3
4,{'ratingValue': 1},2019-02-17,"Desperate times when multiple flights are being cancelled? Skip this place anyway. The server was nice but the food was horrible. Should I have expected anything else from this barely tolerable restaurant chain where they just microwave frozen food? 
Although my money was refunded, since I only took a single bite, I tipped the waitress the cost of the meal anyway since she recognized that I was not going to be able to eat.",Terry M.,chilis-too-chicago-3
5,{'ratingValue': 2},2019-07-21,Absolutely horrible!!! Service stank and the worst Bloody Mary I ever had.  Avoid at all costs,J B.,chilis-too-chicago-3
6,{'ratingValue': 2},2018-06-17,"Don't eat here if you're in a hurry.  Seated at 5:00 pm, 5:20 before a drink and food order was taken.  5:30 for drink to arrive.

5:55 for my burger to arrive.  Bugger was sitting under the heat lamp so long the burger was dry and the plastic cup holding my pickles was melted.

No.  Just no.",David C.,chilis-too-chicago-3
7,{'ratingValue': 4},2018-04-20,"So I got a little time on my hands I'm here at the Chicago O'Hare Airport and I was looking around for something to eat. I pass this place frequently when I come in flying American and heading home. I decided to stop in this time the word Margarita had an appeal to me. So guess what I ordered a margarita. I ordered a margarita ...Blended ...strawberry with salt on the rim. I also wanted to grab something light for I was getting ready to jump on a plane in about an hour. I ordered the soup and salad. The soup was a enchilada chicken soup it was full of chunks of chicken, shredded cheese and tortilla strips. I'm going to use a big word right now the soup was very viscous ie it was kinda thick. The cheese was a little over-the-top but I can deal with it. The salad was actually pretty good it was not your ordinary head of lettuce... It was compoded of mixed greens, chopped cucumbers, diced tomatoes, shredded cheese and croutons topped with a balsamic vinaigrette...all 3 items for $20
..not a bad price for decent airport food. The food that was ordered by paytrons actually looked very good in presentation..will stop in again.",Joe P.,chilis-too-chicago-3
8,{'ratingValue': 2},2019-07-04,Burger was just ok and service (Chris) was mediocre.  There are better places to eat here.,Wayne T.,chilis-too-chicago-3
9,{'ratingValue': 3},2019-07-14,"The food was good (if a little hard to eat off metal trays) but the service was intermittent at best and not at all friendly. The location wasn't very clean, either.",Jessica A.,chilis-too-chicago-3
10,{'ratingValue': 3},2019-02-02,"Of course, as an airport restaurant it was overpriced. We replaced the chicken in the bowl with a side order of fries and got 2 eggs on the side, and we split it between the 2 of us. It came out to $20. Honestly it wasn't that bad. The server was super kind and accommodating to our veggie needs considering the limited menu options.",Carolina B.,chilis-too-chicago-3
11,{'ratingValue': 5},2019-06-30,"I admit I looked down at national chain restaurants like this, but I was pleasantly surprised by the awesome service and decent food in the middle of a busy airport. Obviously, it's not the best food in the world, but like another reviewer said, it fits the bill for someone who doesn't want fast food but also doesn't want an overpriced meal at one of the more high-end restaurants at O'Hare.

At the end of the day, it made me feel like I was just out for dinner instead of waiting for my next flight - I finally get why establishments like this exist!",Amy H.,chilis-too-chicago-3
12,{'ratingValue': 1},2019-06-08,"Not the best day for Chili's....
Started out, with a non enthusiastic male server;
I ordered an iced tea with lemon.

He brought a tea, with almost no ice & no lemon .

I ,then , had to flag him down to ask for lemon; 
Next, my date & I ordered a sandwich to split.
He drops the food off, sandwich was supposed to be hot , it was lukewarm.
The sandwich , w/ FF, arrived on a metal pan; we told him we were sharing it.
He never brought a plate for one of us to eat off of, as the other person used the pan.

He never came back over to check on us// or the food.
I attempted to ask another employee, for a plate, who didn't hear me.

So, one of us, laid down napkins & ate off of that.

At the very end, a pitcher of warm tea was brought over .  No ice in sight.

I pointed out, that a plate would've been nice to eat off of---- he said, you never asked.

I said, I tried .

He said, I was around.

Maybe
Chili's should train their servers, to bring a plate or 2 when parties are sharing something.

I will not be returning here , for quite some time.

The attitude was palpable.",LT D.,chilis-too-chicago-3
13,{'ratingValue': 1},2019-06-11,"My coworker and I were seated immediately, but it took over 15 minutes to get a server's attention. Once our order was finally put in, the server went to get our utensils and napkins. Our server reached into the silverware basket behind the waitstaff stand and dropped a handful of forks on the floor--AND PUT THE DIRTY FORKS BACK IN THE BASKET.   Then, mid-meal, a gentleman was seated at our table, which would have been fine if there weren't 5 dirty, empty tables behind us and we weren't discussing private matters. So awkward. The food was fine, but based on the service and cleanliness, I was better off getting a bag of chips and sitting at the gate.",Rose H.,chilis-too-chicago-3
14,{'ratingValue': 4},2019-04-22,"Highly recommend the guacamole burger, no bun, with broccoli instead of fries for a low-carb Keto/Atkins friendly lunch.  Great flavor, just the right amount of spicy heat, and only 8.6 net carbs (5 for the burger, 3.6 for the broccoli).  Service was great.  All in all a good experience.",Todd S.,chilis-too-chicago-3
15,{'ratingValue': 5},2019-02-10,"These waitresses ROCK!  They were quick, food was great.  Seriously not sure why the rating here is so low!

My husband and I got beers and great food quick.",Caitlin M.,chilis-too-chicago-3
16,{'ratingValue': 1},2018-06-17,"I had the WORST experience with the location in O'hare airport! I walked 1/2 mile from my gate to get there. The guy working the bar was clearly overwhelmed. No one was helping him, so he didn't help ME. I stood waiting to even ask for a menu. He eventually threw it at me. I had to ask a nearby waitress how to order. She tells me to stay where I am, the bartender will take my order. She begins yelling at him (in Spanish) to prioritize food orders over drinks because the kitchen is about to close. They argue. 

Yo miro y entiendo.  Ellos no notan. (It's not the Spanish, it's the lack of professionalism.)

Another waitress comes over & announces to the pair that the manager Sal said last call. Then Sal comes through & yells at the bartender himself. I feel embarrased for the man. He takes a guy's food order. When it's FINALLY my turn, I'm told TO GO orders are placed at the kiosk several feet away. I waited FOR NOTHING! I hustle over to the kiosk for that lady to tell me, ""Sorry, kitchen's closed."" I explain how I waited 7-10 minutes...that I was directed to her. So she calls Sal over. He GLARES at me! ""Kitchen's closed!"" He skulks away. I'm FLABBERGASTED. The entire staff saw me waiting! One really sweet waitress saw my distress and came to over to apologize. Noone else cared.",Dionne H.,chilis-too-chicago-3
17,{'ratingValue': 1},2018-07-29,"Poor service. We waited 20 minutes for the check. The salad that was served smelled bad and looked old, mushy and black.",Nicolas B.,chilis-too-chicago-3
18,{'ratingValue': 5},2018-02-09,"Pretty much one of the only places at terminal 3 where I could manage to get a low carb meal. 
I ordered the steak and shrimp fajitas. Asked for no rice, beans, salsa and guacamole (this last one because of a food allergy). Kept only the cheese and the sour cream. Tortilla came along cause I forgot cancelling it (but did not eat it). 
I have a serious food allergy to an ingredient that originally came in this dish but they made it without it. To perfection!
I had a really flavorful lunch, my waitress was super sweet and I am def coming back when in need for food at the airport!",Rita S.,chilis-too-chicago-3
19,{'ratingValue': 1},2018-05-30,"I'm actually in awe of just how bad my experience was at this restaurant. It started with a rude host who asked how many, slapped a menu down on a table and walked away. It ended after having waited for 20 minutes, while server after server passed me by. Even with multiple attempts to make eye contact and wave someone down, not one of them acknowledged me. 

Walked down to Macaroni Grill and was seated and served immediately - with a smile.",Amy R.,chilis-too-chicago-3
0,{'ratingValue': 2},2017-10-01,"Somewhere between finally placing my order and standing awkwardly around, not knowing where my food would appear, I noticed a sign behind the to go order area that said ""TIPS: be a tip magnet "". After encountering four different non helpful employees, I can assume you they do not pay attention to that sign. They need to. This was the first time this trip that I tipped less than 20%. Here's why...

We had 30 minutes before our flight stared boarding. We took a seat and after a waitress finally approached, I asked if we could get our meals to-go. I will take somewhat of the fault here. I should've specified to her that we wanted to possibly begin eating inside. But before I got a chance to fully explain, she brushed us off and pointed to the bar area. I approached the bar area and once I was finally acknowledged, the bartender brushed me off to another area where no one was tending to. So, the bartender rolled her eyes might as well have said ""what do you want"". I swear, after getting the same treatment from two employees, I would've walked away... buuut this was the only place within the area of my gate. 

After I ordered, the bartender didn't say one word to me. So, as we stood awkwardly near the bar area, not knowing where to wait or where our food would appear, I was approached by who I thought was Chilis saving grace, but that wasn't the case. He said ""I'm the Sheriff here"". I explained that we were just waiting on our food and were wondering if we could go ahead and get our soda. He explained very rudely that I would have to check with the bartender who was low at this point MIA. As it turns out, after we got our soda and food, the standing high top table area was the self proclaimed Sheriff's table area. Not exactly sure why, but after taking up this area for five minutes, I felt bad that I didn't tip him. I promise, it wouldn't have taken two minutes of any of the four Chilis employees time to have stopped and be nice. They weren't even busy! Again, they do not take the note of the instructions ""be a tip magnet"". 

The food was ok, typically Chilis food. I ordered the Buffalo chicken sandwich and fries and the sandwich was huge. Nothing at all to complain about on my meal. My friend's triple something appetizer wasn't exactly the three options she requested, even after repeating it three times.",Heather P.,chilis-too-chicago-3
1,{'ratingValue': 1},2018-12-31,This place is third world. The African American employees are arguing with their Filipino manger about cleaning tables and who gets to leave first. All in front of the customers. I gotta get out of this county. The worst service is in the great ol USA. Oh don't forget to tip!!!!!!!!!!!!!!!!!!!!!!!!!!!!!!!!!!!!!,Chris H.,chilis-too-chicago-3
2,{'ratingValue': 1},2019-08-12,Just sat for at least 10 minutes and no one even asked about drinks finally just walked away. No service and limited menu.,D T.,chilis-too-chicago-3
3,{'ratingValue': 4},2017-08-27,"Guinness...""Breakfast of Champions"" who board early am flights to the east coast....total turbulence blaster....need I say more?",Christina S.,chilis-too-chicago-3
4,{'ratingValue': 3},2018-12-10,"I mean. It's Chili's in an airport lol. I had chips and salsa and a martini, actually (cause they're harder to mess up). Both were overpriced, but again, it's the airport. Neither was bad. I'd pass time here again if need be.",Sarah P.,chilis-too-chicago-3
5,{'ratingValue': 2},2017-11-15,"I mean, I know I shouldn't have high expectations for an airport restaurant; however, these were the worst breakfast tacos I've ever had (including ones I've made myself through a haze of hangover and using whatever ingredients I could scrounge from my refrigerator).  They were cold, the potatoes hard, the tortilla stale.  And they were rather expensive.  It was early in the morning but that doesn't excuse the poor service as they were trying to take stock of food, liquor, etc.  I wasn't the only customer and we were all just waiting, waiting, waiting, waiting.  But now I know the medical situation of one of the waitresses, the marital discord of the manager, and how ungrateful another waitress' grandchildren are.",Bartleby F.,chilis-too-chicago-3
6,{'ratingValue': 1},2019-01-06,"What a waste of money seriously ! 
25$ for a uncooked piece of chicken , and stale broccoli -nowhere it seemed like mango chille chicken broccoli !!! 

Plus they didn't give chips also and charged for it. Their salsa tastes worse than store brought !  Nothing fresh at all!! Plus they didn't even have grilled chicken fajita salad bowl -the only thing worth eating HEALTHY on their menu !! Will never go back again. Better refund me the atrocious  amount I was charged for that worthless  prison food !!",Ankita S.,chilis-too-chicago-3
7,{'ratingValue': 1},2019-02-14,"Wish there was an option for 0 stars. I'm hoping this isn't common here, but we haven't been served even for a drink order, and it's been 20 minutes. Wondering if the waiters/waitresses quit?",Morgan N.,chilis-too-chicago-3
8,{'ratingValue': 1},2018-12-28,The waitstaff here seems to really not care about the customer. Like they really really really don't care. We seemed to be treated more like a nuisance than anything else.,Amy S.,chilis-too-chicago-3
9,{'ratingValue': 2},2018-06-25,I'm not a fan of this restaurant but needed a quick bite to eat.  My husband and I get seated next to a table that has not been cleared. As we sit down I'm thinking surely someone is coming to clean it off soon. Nope! We were there at least an hour before someone came to clear the table. The food was just okay. The service was okay.,Nicol M.,chilis-too-chicago-3
10,{'ratingValue': 3},2017-04-29,"I didn't have high expectations for a chili's in O'Hare, especially with the reviews. But I was starving and it's right after security. It was a decent option and as expected. Coffee isn't great, like hotel quality, and the sausage in the omelette is highly processed. Still, the flavor was good and it was a good value. My boyfriend enjoyed his burger with the extra runny yolk. Not a bad option for breakfast if you have time to sit and enjoy it.",Lauren H.,chilis-too-chicago-3
11,{'ratingValue': 2},2017-08-11,"This is an airport restaurant, and they do not seem to have the sense of urgency needed to serve people who are needing to make it to a flight.  It would not be for a regular hang-out, but that is not relevant here.  Breakfast burger was pretty good.  Broccoli was bland.  Beer was cold. 

I have been to quite a few airport Chili's, and this is absolutely my least favorite.",Dave G.,chilis-too-chicago-3
12,{'ratingValue': 5},2018-05-16,"Anytime I have a layover at O'Hare, Chili's will be my new go to. They have healthy options that are filling and meal worthy. I forget how much I like Chili's until I'm sitting down, looking at a menu, and there are multiple heathy options to choose from that all look delicious!",Allison B.,chilis-too-chicago-3
13,{'ratingValue': 3},2019-06-01,It works if your hungry.  The menu is slim.  I had boneless wings and fries and I can't complain.  Everything tasted great and came out fast.  It was nice to sit down and wait for my flight.,Amy L.,chilis-too-chicago-3
14,{'ratingValue': 1},2018-03-04,"Horrible.  Nobody here wants to help you.  I sat here for 30 minutes after being seated with multiple people looking at me as they passed but otherwise totally ignoring me.  The place is dingy and dirty, which makes it depressing.  Everyone has a bad attitude, the draft beer is warm which is a cardinal sin, and I'd just rather eat out of a dumpster than come here again.  Avoid.

Update:  food came out cold. Not even a little warm.  Not the least bit surprised.

Manager was very nice.  Didn't seemed surprised either.  One star for that.",V R.,chilis-too-chicago-3
15,{'ratingValue': 1},2019-05-25,"Adam W. And I must have dealt with the exact same woman. We walked up to get seated and a man who we assume is a manager passed us and scolded us for bypassing the ""enter here"" sign. There was no one in line, and we had walked from the opposite direction that the sign was facing. So we were already put in a negative mood because of this rude man. Then the hostess woman finally showed up and said to wait two seconds. At this point we're we're just put off of this place because of the rudeness we experienced and decided to go somewhere else. As we walked away the woman said ""I guess y'all couldn't wait two seconds"" in a mean voice to her manager. And after that I'm glad we didn't get served. You work in an airport. A busy one at that. People just want to rest and eat after long flights. And you are ruining people's trips by having such bad moods.",Sky S.,chilis-too-chicago-3
16,{'ratingValue': 1},2018-10-04,"Don't expect fast service for an airport restaurant. One waitress and she clearly has never waited tables before. 20 minutes before I had to finally ask someone to take my order, good thing my flights delayed.",Jason H.,chilis-too-chicago-3
17,{'ratingValue': 3},2015-08-27,"I've been to the Chili's in Hoffman Estates, Vernon Hills and Streamwood. They're all infinitely better. The wings were actually pretty decent, no complains there. 

The mango chile chicken was tasteless, the cilantro rice was tasteless (and odorless). The fries were horrible. They felt like they were frozen, stale and just been microwaved for our order. Drinks were felt tame as well with little to no alcohol.

Service is fast, I'll give you that.

Skip this airport Chili's. Try some other restaurant in the airport.. there seem to be a few around there. Goose Island is one that I need to try next. Or try one of those gourmet sandwich places.",Abhinav S.,chilis-too-chicago-3
18,{'ratingValue': 1},2018-09-09,"Dirty silverware, coffee was served absurdly hot. Absolutely disgusting experience, I will never come back.",Matthew S.,chilis-too-chicago-3
19,{'ratingValue': 3},2015-07-29,"My fiancé and I stopped here for a quick bite while on layover in Chicago on our way to Indianapolis for a convention. I was pretty impressed with, ""chillies too"" which had decent service and food for a chain restaurant in a airport. 

I ordered the pork carnata soft tacos and my fiancé ordered the mango salsa chicken. Both were very good and unlike many, ""southwestern"" places I have been to, this one provided dishes with a kick of spice I didn't even have to ask to be added specially. 

The service was polite and efficient. We were seated quickly, served even quicker, and our check was brought quickly upon request. The whole thing from entry to exit took approximately 45 minutes. Great if you are in a hurry. 

The meal didn't break the bank either. Both dishes plus a cup of chili and two soft drinks plus a 20% tip equalled approximately $50.",Asaf F.,chilis-too-chicago-3
0,{'ratingValue': 1},2017-08-30,"DO NOT EAT AT THIS RESTAURANT. As an avid Chilis diner, this is a disgrace. I ordered food from the to-go window and received the WORST customer service I have ever had in my entire life. This lady was awful (short blonde hair). She didn't want to listen to a word I had to say, kept cutting me off telling me that they do things differently and everything is ""different"". Like what??? I was simply ordering off the menu, so if things are ""different"" .. don't put them on your menu! Also, she gave me my total $20.23 .. I handed her a $20, and she quickly punched it in the POS system .. I then tried to give her .25 cents & she said I messed her up and she doesn't know how to give the correct change. All this happened as the manager was standing not even a foot away. 
       The food was actually pretty good, but nothing will ever have me return to this location and I encourage everyone to stay away. Way too over priced and horrendous service.",Jill C.,chilis-too-chicago-3
1,{'ratingValue': 1},2018-03-07,"Not sure why I tried it again...terrible terrible service.   Enough people working. But no one seems to want to take your order.  

Went to Macaroni Grill.  Where the service was great!",Roger F.,chilis-too-chicago-3
2,{'ratingValue': 1},2018-09-03,"This is probably the worst meal of my life. I have been vegetarian for almost a year and have never had this bad of an experience. The Mac and cheese was Kraft from a box, the french fries were soggy, there was one (1) vegetarian meal on the menu, and it was only a side salad. If I could give his place 0 stars I would. And the price was over $100 for a meal pretty much no one in my family actually enjoyed.",Emily C.,chilis-too-chicago-3
3,{'ratingValue': 1},2017-10-29,"You have to have luxury of time to eat here. The service is super slow. Food is limited due to Airport location. Price is little higher due to Airport branch. If you are in Rush , take a meal to go or try McDonald's for faster service.",Khondker I.,chilis-too-chicago-3
4,{'ratingValue': 2},2016-06-07,"Reunited and it feels so good! Or so I thought..

On a layover in ORD. Busy busy location right past security in terminal 3. Was seated quickly though.  

So excited to get a mango iced tea (afterall this IS chilis right?) ...hopes dashed,  dreams crushed... no flavored teas.  Booo darn it... water please. 

Ok chips and salsa.  Another favorite at chilis right? $6.99. Dang forget it...

Decided on the triple dipper. Only $2 more than normal - not bad for airport pricing.  Ehh was ok. Lukewarm when it came out. At least the boneless wings were still crunchy. 

Service was good my water was refilled.  I was able to chill for awhile.  Star for service.

I love me some chilis this just doesn't feel like an authentic one.",Stephanie M.,chilis-too-chicago-3
5,{'ratingValue': 3},2016-05-31,"Sigh ...

Even in an international airport, they only start serving ""Lunch"" at 10AM local time.

There's a burger with roasted peppers and guacamole and it really hit the spot, but what a mess it made. The menu is really really limited to basically just sandwiches, salads, and typical appetizers. But the iced tea comes in a disposable cup which ... actually is nice since sure I'll take some to go!",Paul M.,chilis-too-chicago-3
6,{'ratingValue': 2},2016-08-11,"I'm sorry but this was a huge let down. The service was absolutely terrible and margarita was completely weak. Waiting for the server for what felt like 10 minutes before we were seen, had to ask for waters (no lie) at least 5 times as a reminder, and the food wasn't very hot. Very little staff on but didn't seem busy enough for them to really take so long on waters...

I have nothing else to say about this place.",Chelsea R.,chilis-too-chicago-3
7,{'ratingValue': 2},2018-07-14,"Beer was cold, bar is in need of a deep cleaning.  Gnats/fruit flies are thriving as a result.  I'm sure it's a completely different experience if you sit at a table?  There is a newer Chili's in Concourse G, wish I would have saw that first.",Wave H.,chilis-too-chicago-3
8,{'ratingValue': 1},2018-12-26,"I downloaded yelp just to write this review so I don't have a long list of angry comments against every place I have ever been to. I can count 3 bad experiences I've had in 15 years. I am a waitress, I have worked in the industry for a very long time. I have worked holidays, I have even worked at navy pier (as far as I'm concerned, the worst place on the planet) to high end steak houses. I have been abused by every race, color, creed, nationality, poor, rich, etc, but I signed up for this and I smile through it. 
I thought long and hard about writing this review as I'm sure all of the airport employees are worn out and have been sh*t on for hours. I stopped at chili's too because I have an abnormal love affair with the southwest Egg rolls. I had the absolute DISPLEASURE of having JESSICA as my bartender who was by far the rudest, slowest, and unavailable service employee that I have ever had the tragedy of waiting on me. I waited 10 minutes for water (which was never refilled until 20 minutes later) and then another 5 for the glass cab. I assumed at one point perhaps she was out of glasses but no, there were at least 15 by the service well. She was in the back most of the time...I assume she had no food runner and that sucks but check and circle back. The barback became uncomfortable and asked me what I needed as she came around the corner. She then told me very roughly there was something wrong with the fryer. Ok, Jessica, I get that...kitchen's crash but here is a clue for next time: communicate with your guest and at least get them a drink while you disappear in the back to figure out what's up. DO NOT scold the guest who has been wondering where you are by telling them with a sh*tty attitude and acting put out because I asked about a glass of wine 15 mins after I ordered it. 
You were so bad the stranger next to me commented on it. He said he asked to close out right away and also had to wait for you to reappear from the back. He said he had no idea where you kept going but it was apparent you are unable or unwilling to prioritize or at a minimum give a sh*t. 
The gentleman that had the station that wrapped the perimeter of the bar was incredible (African American, bald, tall). He was in his section the whole time, looking for upsell opportunities, his personality was downright sunny....he literally never stopped moving. 
Maybe you were understaffed or tired or on a really crappy double (after all its amature hour at the airport at Christmas). Whatever it is/was, I get it, I too get sh*t on all the time but you need to learn some kind of poker face and suck it up.  Also maybe that server can teach you how to prioritize your time better. At the end of the day, perhaps you believe you don't have to care, you'll never have to worry about regulars or seeing the same person again because you work at an airport....but that's not an excuse. Ive been sitting at your bar writing this review and just saw your manager for the first time.
I feel like crap writing this review and I still left you a 20% tip because its the holidays and our job sucks. Just pick your battles better and don't blame the customer when you're over it. Hope you figure it out.
Ps....it was your attitude that pushed me over the edge, not waiting 15 mins for a drink",Jen W.,chilis-too-chicago-3
9,{'ratingValue': 3},2017-06-30,"I'm a believer that you evaluate based on situation. This Chili's is in an Airport...so top priority...SPEED!!! Has to be good food of course. But get me in and out fast so I dont miss my flight. This Chili's did it. Seated quickly, burger was cooked good and came out super fast and this place was VERY busy as it was peak dinner rush. Got my bill quick by the waitress which is awesome. Well done Airport Chili's.",Vince B.,chilis-too-chicago-3
10,{'ratingValue': 3},2015-12-11,"Grabbed a sandwich and a water while waiting on my plane to arrive.  There was really very few options in this Terminal area where my gate was.  Please note I didn't go into the to be seated, but just the grab/go section.
It really wasn't the best set up, it took me 10 minutes extra to get out of the Walk Up Chili's because some man behind proceeded to open both of his bags directly behind me to look for something that was apparently more important than being considerate of others.  At least I found the will to not kick him in the ass as he dug through dirty clothes. 
Food wasn't bad, but wasn't the best.  It did give me the energy to go on though.  The water was great and cold.  mmmmm yum.",Chad C.,chilis-too-chicago-3
11,{'ratingValue': 4},2015-09-20,Food is really good. Waitress was a little rude with rushing me to order but all was great. I had the boneless buffalo wings with honey bbq sauce. They have a place to sit down and eat and a area to order food to go if your planes about to leave. Also bar is next to it to order Margaritas,Tiffany R.,chilis-too-chicago-3
12,{'ratingValue': 1},2018-08-02,"I love chili's. I don't expect much from it. Just the same food that I know and love, and at least decent service. This airport Chili's bar is AWFUL. I sat for over five minutes being completely ignored, then I tried to ask Jessica for my order and she looked at me and then ignored me. Then I asked Luis and he put in my order of chips and salsa and got me a water. Once the chips came out I had my water finished already and they didn't offer to refill it. About ten mins in I asked for another salsa and it took about ten minutes for me to get that one. Still my water had not been refilled. I am now down with my chips and salsa and have been for a good fifteen minutes. They haven't given me any more water still. And I haven't been able to grab their attention for more water or for the check either. They're lucky I had time to kill today because anyone stopping for a quick drink would not be happy. (A guy actually sat next to me and was ignored for almost ten mins so he ended I up walking out) do better chili's.",Jessica A.,chilis-too-chicago-3
13,{'ratingValue': 1},2017-05-06,"Other reviewers are correct about friendly service and room to park bags but this is the worst food I've had in years. Poor quality poor variety and poor taste. 

I had colder-than-room temp chili with ground beef that had the consistency of rubber (even after I asked for reheat in microwave-yuck) and salad that currently has 6 chunks of iceberg core and some dressing that I believe is Karo syrup w a splash of vinegar. The ""extra "" of the salad is: half-inch thick red onions in full circle and 2 total spinach leaves.  I think it'll give me more cancer than the bacon burger. 

Oh I'd have ordered that if they'd been able to offer me the oh-so-unusual condiment of Dijon, but NOT!

This food sux and the place is filthy but it is an airport",Sarah G.,chilis-too-chicago-3
14,{'ratingValue': 1},2016-10-08,"This is one of the worst chilis, service is horrible. It took 15min to finally get our drink and food order.

The restaurant was not full of people they seem to have plenty of staff. Everyone who work here has a bad attitude.",Jose C.,chilis-too-chicago-3
15,{'ratingValue': 1},2017-06-01,"This has to be the slowest unprofessional Chili's I've visited. One cook. I am ready to place my to go order only for the rep to tell me ""be right back"" and left for almost 10 mins. Then another employee walks up and you think he would have taken my order but instead he said ""I don't know."" Raquel(that's what her name tag said) needs better customer service skills. I don't know the other reps name but he is a server and needs better customer service skills too.",Just Ki ..,chilis-too-chicago-3
16,{'ratingValue': 2},2016-06-29,"Yikes!
First off the service here from what I remember was wonderful. Looks like they have a great team and despite their busy location they do a good job of making sure every customer is happy.
Paper plates??! And plastic forks!?
My salad was wilting and avocado slices were so sad . I quickly inhaled parts that I could. Payed my check and ran out the door. I should have read the other reviews, I felt so lame wasting my money there.",Brianna B.,chilis-too-chicago-3
17,{'ratingValue': 1},2017-09-21,"This is a typical spider web, airport place that is unmanaged and just sits there in hopes of catching tired, hungry travelers that just don't care about service, quality of food, or anything else.  I came in and got a table and sat for 15 minutes.  I know the guy behind the bar knew I was there.  But I just couldn't get any service here so I moved on to another restaurant.  Piss poor service.  Manage your expectations.",James H.,chilis-too-chicago-3
18,{'ratingValue': 1},2017-09-10,"Avoid! I've eaten at a lot of Airport Chili's and this the worst. The steak fajitas were too tough to eat but the manager stepped away to the office. Every time I asked about something or complained the waitress ""it's better in a regular Chili's"". Other airport locations are head and shoulders above this one - I ate the Love Field location in a Dallas recently and it was good and so was the service. Nothing like this one!",Rebecca B.,chilis-too-chicago-3
19,{'ratingValue': 1},2017-05-07,This place is so bad. My wife and I both got sick from eating here and we were vomiting on the plane. DO NOT eat here. Trust me it's the best advice you will get today,Chad K.,chilis-too-chicago-3
0,{'ratingValue': 4},2014-04-14,"Its a Chili's folks, I'm sure you know what to expect food wise.  Honestly I have been to a few airport bars.  This one had its sh*t together.  Food was prompt, drinks and water glass filled. Polite friendly and at 8 am no less ( yes I had a margarita at 8am .. don't judge)! I didn't have to hunt someone down to pay when my flight was called.  

Bartender MIKE was on his game for it being so early.",Rachel L.,chilis-too-chicago-3
1,{'ratingValue': 2},2017-08-22,"We were seated at a dirty table with trash on the floor underneath.  I kicked the trash into the aisle so our server would see it and (hopefully) remove it, which he didn't.  He did clean the table on request (but we had to ask), and brought out two glasses of wine instead of the bottle that we ordered.  Things picked up from there, but the first impression had set in.  The food was good, but due to dietary restriction we substitute out a lot -- and they even managed to get that right.  And on the plus side, a different server picked up the trash as I was writing this.",Mark M.,chilis-too-chicago-3
2,{'ratingValue': 3},2015-02-01,"While Chicago is a massive hub for American and United, it doesn't come with many good dining options. Chilis, Wolfgang Puck and Macaroni Grill are meager, at best. All are average chains. In fact, Ohare offers some of the poorest food choices of any major airport in North America. It could be the worst. 

Why go to Chilis? I'm not sure. I never eat here, but slapped with a five hour layover we sat down here and ordered a few burgers and sandwiches. First off, have you looked at the calorie counts on them? Wow! There's enough sodium in one burger for a week! Meanwhile, the service here is fine and the food tastes chain-like. If you have to stomach it, you won't be too disappointed. In fact, all those calories make it taste darn good!

The reality is, if you have time, you'll be better served here than in the food court where nasty choices like McDonalds exist.",Chris S.,chilis-too-chicago-3
3,{'ratingValue': 1},2017-11-06,"This is not even the same great food chili's offers in its non-airport locations. Food was cold. When the kind server brought me out replacement chicken, it was clearly reheated (not fresh). Don't waste your time here. There are a dozen other places with better food in O'Hare.",TJ M.,chilis-too-chicago-3
4,{'ratingValue': 2},2016-06-29,"Food is consistent with the Chili's menu, however the space is sorely run down and the staff all acts as if they are being kept here against their will.  I get its an airport restaurant, but at least act like you chose to work here. 
And if want me to wait to be seated, maybe don't ignore the patrons waiting or here's a novel idea...  Hire a hostess???

If you are considering this place, do yourself a favor and keep walking down to the Macaroni Grill further down in Terminal 3.",Diane L.,chilis-too-chicago-3
5,{'ratingValue': 1},2017-09-14,Terrible service. Waited 20 mins after flagging down 2 waitresses. Never was offered refill on any drink either,Alan Paul P.,chilis-too-chicago-3
6,{'ratingValue': 2},2017-10-27,"Chili's is typically a standard spot but I would not recommend the airport location at Ohare  my beer was flat and the lime provided was already squeezed and had some unknown thing on it... food, which theoretically should be the same wherever you order, was prettttty terrible. Waited a while to be seated, and saw someone else seated and not acknowledged for 15 minutes. The staff was nice enough but either management or something is off here and I would say don't waste the money for the extra money!!",Bridget C.,chilis-too-chicago-3
7,{'ratingValue': 1},2017-04-01,"I am at this Chili's now. What people are saying is correct. Place is filthy. I have been seated at a filthy table next to me with old food and smell. Nobody comes to serve - NOBODY! Many people are waiting. When I called manager, lady running past me said ""he is in the warehouse"". Manager in the warehouse usually means he is either hiding and this is his excuse to not come out of his dungeon behind the counter, or that there is something going on in his purchasing and he cannot trust to his employees to handle the money. I am about to leave without eating - I mentioned to waiter that I am upset and may post about bad service and I understand restaurant refuses to service me because of that. So much for respecting free opinion. They are afraid of services like Yelp since it exposes bad restaurants and highlights places where people are respected.",Leonard Z.,chilis-too-chicago-3
8,{'ratingValue': 3},2014-02-24,"Quick bite to go!
This is a great place to get a quick bite between flights.  

The reviews here are go pretty heavily in both directions.  It's a Chili's.  In an Airport.  If you are looking for Filet Mignon and gourmet fare, keep walking.
This Chili's is every bit exactly the same as all the others... but that's what I'm looking for out of a Chili's... consistence... dont' have to think... already have the menu memorized!

It also has a pretty great bar, and the bartenders are usually pretty friendly.  If you don't have 200 bags, and are mobile... sliding into the bar area for a drink and a burger is a great gem of this airport!

However, the wait staff on the floor can be hit-or-miss.  I've stood in the line for 10 minutes while the girl at the front talked with the other waiters about where they were going out after work, who's boyfriend is creepin' with who, and what color mascara she should buy the next time they are at the mall together.

I've been there when it took 15 minutes to get a bowl of chips.  When the waiters seem to have completely forgotten they only have 1 table, and they are supposed to wait on it.  

However, I've also been there with killer service, when the hostess stand knew how to knock out a 15 person line in 3 minutes, the waiters had recommendations for quick ideas and smiles on their faces, and the food was great!

As I said... it's a Chili's.  In an Airport.  Know what to expect, cross your fingers on the wait staff, and have a drink... because the people watching here is truely excellent!

3 STARS",Brad M.,chilis-too-chicago-3
9,{'ratingValue': 1},2017-07-24,"Concession stand quality food - absolutely terrible quality. Chilis isn't exactly gourmet, but this place is a huge step down even from that. The menu shows photos of items that ARE NOT what you will get! I got the honey chipotle crispers and waffles with onion rings and skillet queso. What arrived made me sad. Instead of the crispers you normally get at chilis it was low grade, stale chicken tenders with a tiny dash of sauce. The ""Skillet"" queso arrived lukewarm in a cardboard cup. To make matters worse, the server was severely mentally handicapped, which led to several delays, making ordering a real challenge, and adding to our stress of missing the flight as we tried to leave and the waitress had to consult with the manager three times. AVOID",Doctor D.,chilis-too-chicago-3
10,{'ratingValue': 1},2016-08-26,"What a disappointment!!!  Waited at a counter table for 30 minutes and no one took our order.  A couple people looked at us a couple times but never waited on us. They even waited on the guy next to us.  We had some time to kill and I was so wanting the chicken tortilla soup.  Very very very disappointed.  
Also there was about 5 people behind the bar having a good time.  
Makes me rethink chili at other locations.",Elaine C.,chilis-too-chicago-3
11,{'ratingValue': 1},2018-05-05,Terrible service and rude attitudes granted it is an airport restaurant but that doesn't mean that all common courtesy should be thrown out the window. Got up to get my own water and it took 10 min to get some lime for our drinks that we asked for when we ordered originally.,Blake R.,chilis-too-chicago-3
12,{'ratingValue': 1},2017-07-04,Better not to eat. Epic fail!! Very low food quality and  service. Not at all recommended place to go in the ord airport .,Karthik I.,chilis-too-chicago-3
13,{'ratingValue': 4},2014-06-04,"Fast friendly service in a huge terminal at OHare. 

The big margarita in the martini shaker is phenomenal.  I have asked for the same at other Chili's and I would happily fly thru OHare just to have a drink here. Amazing.  It has got to be the bartender...",Christina S.,chilis-too-chicago-3
14,{'ratingValue': 2},2014-03-25,"This Chili's is consistent though the food choices are more limited. The airport menu works for them and they have a big enough following to fill their seats with transient travelers. I opt for better restaurant choices within close proximity.

The service here is marginal. The waitress was friendly enough but just not into it. Some of the menu items you'd at an off airport location are unavailable here (thus the Too connotation ""we don!t have that, Too""). The chicken caesar is not bad though I'd grab one from next door at Wolfgang Puck if given a choice. If you're a fan of Chili's in general you might find something on the menu that works for you. Or maybe not.

There's a fairly large seating area and they open up early to serve breakfast selections. As I always mention in this type of review it's important to get hydrated prior to a flight so I recommend ordering water instead of soft drinks and refilling your glass a couple of times. Often people don't realize how dehydrated they become when flying and not all flight attendants are generous with water. Aircraft also often contain limited supplies.


There are grab and go sandwich items if you're in a hurry. The ones I've tasted tend to have that ""sandwich from the fridge"" stiffness rather than something with the freshness of having been just prepared. This is common to all the grab and go sandwiched at the airport though. Unless you're in a huge hurry I'd suggest American Bagel about 50 feet away to get a quick sandwich to go. They make it fresh and get it out quickly.",Tom H.,chilis-too-chicago-3
15,{'ratingValue': 1},2017-07-26,"I ate at one of the Chili's at O'Hare airport. Not sure which one exactly (there seem to be several at O'Hare) but I was traveling United and the Brachiosaurus statue is not far away.

I had the Southwestern eggrolls. They tasted good, but about 24 hours later I got a severe case of diarrhea. Without going into too much detail, I am positive that this case of mild poisoning was caused by the food at Chili's. Needless to say, I will be avoiding Chili's like the plague from now on.",PW F.,chilis-too-chicago-3
16,{'ratingValue': 3},2015-07-25,"We stopped in to eat but the place didn't have the vibe to keep us there. The ladies in our group were not having it so we went to the food court where everyone could do their own thing and be happy. 

They do need to clean the place up and maybe steam clean the tiles because it was nasty. I felt bad for my brief case that had to sit on the floor. If breifcases could talk...",Michael D.,chilis-too-chicago-3
17,{'ratingValue': 1},2017-05-19,"Terrible food and service, ingredients are probably purchased at second hand store for half off. Whoever the kitchen manager is should be ashamed of themselves. Gross",2 Birds One Stone T.,chilis-too-chicago-3
18,{'ratingValue': 2},2015-04-30,"Uh.. No unless you're from the Midwest or have no tastebuds i would try alternatives.  I only had a chicken wrap and a drink for 13 bucks.. It was slimy and the vegetables were wet and limp.   It is an airport Chili's, so it really met my expectations",Doug T.,chilis-too-chicago-3
19,{'ratingValue': 2},2018-03-07,"The food was good, but the service was lacking.  In the 25 minutes I was there, I saw 2 ppl leave after waiting for someone to even ask for a drink. Zero attention given to these weary travelers. I learned a long time ago to sit at the bar when you have a plane to catch!",Jim A.,chilis-too-chicago-3
0,{'ratingValue': 2},2017-04-09,"Sandwich was tasted good.

Food was very.....limited. Too limited.

Order was messed up.

The server (PK) seemed passive aggressive to me.

I dunno. I feel my group should have went elsewhere. I was really hoping for more options.",Autumn S.,chilis-too-chicago-3
1,{'ratingValue': 5},2017-03-19,"I have never been to Chicago, but let's just say it wasn't the best first impression after I ate at this pathetic excuse for a restaurant. I wanted to bash my own skull in with the Tyson Buffalo Chicken Tenders that Chillis claimed to be as their own. The turkey deli meat resembled an old man's scrotum. I imagine that latter would look more appetizing.
Overall, I would starve myself to death before I ever ordered something from this shit hole again.",Danielle B.,chilis-too-chicago-3
2,{'ratingValue': 2},2013-06-25,"Well, what can I say about this airport chain restaurant? It filled my belt on a layover to Toledo, Ohio. It'll probably give my gas. Sorry, passengers on the next flight. 

Service was muted. But the Goose IPA was very good.",Chris O.,chilis-too-chicago-3
3,{'ratingValue': 1},2017-12-22,"Very poor attitude from servers. Host simply pointed at a seat from the entrance and handed me a menu. Ordered breakfast: eggs unseasoned, cold processed potatoes (even though I had ordered fruit instead for 3 DOLLARS EXTRA). Dishes were old and scratched/chipped. Booth was very dirty and looked like they had never been cleaned. I get it's an HMS Host location so I shouldn't expect much but that was awful.",Kyle C.,chilis-too-chicago-3
4,{'ratingValue': 2},2016-08-16,"I'm against writing bad reviews because I like to give the benefit of the doubt when it comes to restaurants since I've worked in the service industry, but I was disappointed in this place. We paid $12 per plate for breakfast to eat cold food, off of paper plates using plastic utensils. Not only that, but the bartender even had to use a plastic knife to cut the lemon for my drink. I dont mind using plastic, but if im paying $12 for a meal it would be nice to eat with silverware. Either that or lower the cost. Aside from that, the service was good.",Kristin G.,chilis-too-chicago-3
5,{'ratingValue': 1},2017-04-02,"Garbage. Cold soggy onion rings, dirty place. Don't go. No big problem with the server but not the most attentive.",Steve F.,chilis-too-chicago-3
6,{'ratingValue': 1},2015-09-11,"Super slow service. Dirty silverware, rice still on it when they give it to you. Does anyone look at th is stuff in the kitchen. Its a no-go. Never again.",Slim S.,chilis-too-chicago-3
7,{'ratingValue': 2},2016-08-02,"Limited menu, waited forever to be acknowledged then forever to receive my check.   Waitresses tables spread all out ..she admitted she forgot about me.  It's an airport.. You should print checks right away!",Wendy T.,chilis-too-chicago-3
8,{'ratingValue': 2},2016-09-19,"Terribly understaffed. An airport restaurant with a 10 minute wait just to order is not convenient--and this is sitting at the bar, where I had to fight to get the lone bartender to notice me. I don't blame him, though. He was swamped the whole time serving drinks for the ENTIRE restaurant. They need more people to man the Bar to improve service. The only reason it got two stars instead of one was because I did not have to wait too long for a seat.",Alex S.,chilis-too-chicago-3
9,{'ratingValue': 2},2014-10-05,"Convenient with 2 decent draft beers on tap unlike the Cubs Bar that only offers lite beers. The only drawback is the cost, $9 / beer and it's served in plastic. I'm sorry this is not the ballpark,  it's a bar. Beer should be served in glass...most airport bars serve their alcohol in glass..this place should too. I don't care if your plastic is biodegradable, it still takes space in the landfill.  Glass is reusable, thus contributing less space occuping waste to landfills and the best part allows the clean fresh taste of the beer without masking the beer flavor with the taste of plastic.",Shawn C.,chilis-too-chicago-3
10,{'ratingValue': 1},2016-05-19,"Place sux. Waited for 30+ minutes for a simple breakfast dish. They were kind enough to not charge for the drinks. But still, an egg/potato dish is something I can whip up in a few minutes.",Thomas E.,chilis-too-chicago-3
11,{'ratingValue': 2},2016-09-23,"This place is terrible. I ordered the chicken tortilla soup and the southwest salad. They gave me chili and left out several ingredient on the salad. The only reason I didn't get upset while there is because I was hungry and had a long flight ahead of me. A total waste of money, I should have eaten some place else/",Mrs. L B.,chilis-too-chicago-3
12,{'ratingValue': 4},2013-02-10,"It's an airport option. I wasn't expecting gourmet.

I was expecting decent food at a good price and on a prompt schedule. 

I got exactly that. Consistent chain food at a decent price and it was fast enough to get us to our flight on time with our bellies full. Unlike other stops it was also roomy enough that I didn't have to sit on top of my luggage to eat lunch.",Sabrina B.,chilis-too-chicago-3
13,{'ratingValue': 1},2016-09-08,"Worst Chili's ever. No chicken crispers? Come on. Poor service, bad menu. Even for and airport this is not good. Plenty of other choices at O'Hare. Choose one of them.",Billy M.,chilis-too-chicago-3
14,{'ratingValue': 2},2015-02-05,"It's ok. I actually eat here fairly often, as I fly American Eagle, which uses a gate that's very close. Great servers, attentive and fast. 

Breakfast is a better bet than lunch or dinner, where the food is just about what you could get anywhere. Nowadays, there are great airport restaurants. Chili's should step it up a notch to at least make Chili's Too as good as a freestanding Chili's.",Dale M.,chilis-too-chicago-3
15,{'ratingValue': 1},2015-04-07,"My review is for the to-go stand. The lady at the register couldn't understand what I wanted and when I asked about bread options nothing was available besides the hard pretzel roll which I can't eat. She should have told me that from the beginning...

I was told it would take 10-15 minutes. I waited 25 minutes and almost missed my flight. The only reason I was there is bc I thought it would be quick. Next time I'm not risking it and going somewhere else where I can litey grab and go. They have options there but they didn't look good. I had to bring my food on to the plane. I was THAT person. Food smells everywhere!",Flora T.,chilis-too-chicago-3
16,{'ratingValue': 2},2014-07-14,"This place is disgusting. I watched an employee feed herself with her hands and proceeded to lick her fingers clean. Then she went back to serving food and stocking the refrigerator. After seeing this for the third time the third i asked one of the bar staff to address her. They explained that ""people are watching and you've got to be careful."" how about licking your fingers and then serving food is disgusting? 

Besides that my bartender was nice. I enjoyed her a lot. But my fries look like they were cooked in old oil.",MH L.,chilis-too-chicago-3
17,{'ratingValue': 1},2016-10-04,"So in sat st the bar, I'm overhearing a discussion between Chili's manager, a Chili's waitress, an AA rep and ground crew. Over breasts, the size of them and their impact on sexuality.

Really guys, if you must talk about this go to the break room.",Glyn S.,chilis-too-chicago-3
18,{'ratingValue': 1},2016-07-25,"The hostess is the rudest I've ever encountered in any city I've ever been to.  Her hair was a mess and not tied back, she threw a menu on the table and mumbled something.  When I asked her to repeat she rolled her eyes and pointed to the table she threw the menu down on.  This is after I stood there for several minutes waiting to be sat, despite having several tables open.  I ordered a side salad and appetizer and it arrives 25 min later.",Stephanie A.,chilis-too-chicago-3
19,{'ratingValue': 2},2016-06-26,"Limited menu.  My plastic soda mug was grimy inside, with a layer of grease. Replacement was clean.",Pete K.,chilis-too-chicago-3
0,{'ratingValue': 1},2018-05-20,"To start off, I would like to say our server was amazing. She was quick and very sweet. Also good food. However as we were eating, we heard an older woman yelling at someone else very LOUD! Come to find out the hostess was screaming at another server in front of customers. The place was packed!! Caused a huge scene. The server tried to calm her down and told her nicely to stop yelling in front of the customers. She continued for half an hour!! To add, she never sat us, a server had to seat us, because she was no where to be found. So we get seated as a couple and were placed at a table of 4 seats. As we were about finished with our appetizers, this rude hostess says with major attitude ""I need these seats, move your bag!"". We were a bit shocked by the way she spoke to us. We told her ""are you going to ask us nicely or are you telling us? Do you really speak to customers like that?"". She said ""I need these seats!"" So now we are sitting with total strangers at the same table. So bizarre! There was an open table right next to us. THEN... I hear her talking smack about us telling her co workers we were nasty to HER. We could hear every word. We paid for our bill and apologized to our server that they have to deal with this woman. Our server told us it's been 3 days of hell since she has started. This has been happening regularly?! As I walked out of the restaurant, I crossed paths with her and told her she should be fired. She then chased me out of the restaurant screaming at me! If any management finds time to read this review, FIRE HER!!!! She was working Saturday, May 19th around 6pm.",Kristine S.,chilis-too-chicago-3
1,{'ratingValue': 3},2016-01-31,"Located right outside Concourse H (next to Garrett's Popcorn), this is a convenient place to get a bite that's not fast food. There a few healthy options (salad, mango chicken, etc.) and all calories are listed on the menu to assist with your decision making. Things are cramped, with lots of tables in a small space, so if you have lots of bags with you, you might want to be strategic about where you sit. Be sure to tell your server up front if you are in a hurry, too.",Mindy M.,chilis-too-chicago-3
2,{'ratingValue': 4},2012-05-23,"This is one of my favorite places to eat when at the Chicago airport.  It's centrally located and provides a nice place to get a drink or eat in between flights.  The location is good, it's out in the open and meets most of my requirements.",Denise B.,chilis-too-chicago-3
3,{'ratingValue': 1},2016-07-11,"Honestly the worst service I've ever experienced at a restaurant. They had many tables that hadn't been bused, they brought my drink out in a dirty glass, the table next to me got the wrong order and overall everyone was upset. The waiters were so rude to the customers. If I had seen this before ordering I wouldn't have stayed.",Leah P.,chilis-too-chicago-3
4,{'ratingValue': 3},2014-06-11,"When I'm at ORD this is a pretty regular stop for me. While there are other places near by, here I can stop get a beer and something to eat quickly. there isn't much in the way of choices as far as food goes but it comes out fast and it's not bad. I've never had bad service here but then again I don't treat the servers like crap or demand that I be treated like I'm the only one flying that day.",James R.,chilis-too-chicago-3
5,{'ratingValue': 2},2013-10-25,"No omelette options on the breakfast menu, which was slightly disappointing.  I ended up getting a pancake breakfast that came with two sunny side up eggs and bacon.  The breakfast was OK-ish - it took a while to come out and the bacon was a little too crispy.  Also, the pancakes came on a super small plate - literally the plate was the same size as the pancakes so it was hard to pour syrup without it running off on the sides and there is no room to separate the pancakes to apply syrup/butter to both.  They also were not hot at all and kind of rubbery and hard to cut.  Definitely not the best I have had.

The good: the waitress was friendly (food came out slowly but that was not her fault) and she was prompt in refilling coffee and water.  Also they brought out a cup of cream with the coffee instead of a couple half-and-halfs, which I liked.

So this place was not super terrible but just kind of mediocre.  I don't think I would come back for breakfast again if I were around here.",Mattie C.,chilis-too-chicago-3
6,{'ratingValue': 1},2016-01-14,"Woof. We've been waiting for our check for 10 minutes after making eye contact with our server and trying to get her attention multiple times. The $14 Margarita has 0 alcohol in it. Our plates have been empty for over 20 minutes but she hasn't been over here since she dropped off our food. The busers apparently can't drop checks which I get but they could notify the server at least I would think?? Luckily we are very early for our flight but yikes, I would hate to be the person who misses their flight cause the server can't be bothered to bring their check over. Update: My boyfriend is livid because he's now gotten up and asked not only our server directly for the bill but another server WHO WAS EXTREMELY RUDE to him and she still hasn't come back with it another 7 minutes later. LOL. This is why I never opt for sit-down places in an airport. Save your money and eat literally anywhere else.


UPDATE x2: we waited a total of 45 minutes without getting our server's attention, even with my boyfriend getting up twice and speaking to the manager the second time. We ended up waiting so long that we almost missed our boarding group. Through this whole thing we didn't hear a single ""I'm sorry"" from anyone there.",Emma J.,chilis-too-chicago-3
7,{'ratingValue': 1},2016-12-26,"There is no excuse for Chili's, a national chain, to have such a horribly run restaurant in one of the country's busiest airports. We left after waiting 15 mins for a waitress.",Alexandra J.,chilis-too-chicago-3
8,{'ratingValue': 3},2014-05-31,"this place is small, food is ok, and they served their food on paper and plastic utensils, if you have no problem with that. If you come during peak hours, be prepared to fight for a spot to sit down, because they won't seat you. Service and be slow and confusing , you won't have a dedicated server, so make sure if you ordered something, ordered all at once or you will be waiting",Lucky C.,chilis-too-chicago-3
9,{'ratingValue': 4},2015-10-25,"I've been to a few Chili's and this place was just like any other Chilli's establishment.  Staff was really nice and the food came out tasty, but then again that's what I've come to expect of Chili's so good job guys!",Ferdinand L.,chilis-too-chicago-3
10,{'ratingValue': 1},2017-05-07,Don't go here. Not good food at all. Wish I would have read the reviews before spending my money here. Service lacking as well. Tortilla soup- no tortilla. No spice. Just nasty.,Sandy B.,chilis-too-chicago-3
11,{'ratingValue': 1},2015-07-01,Absolutely terrible.  Stay away.  Terrible service and terrible food. Was barely greeted with a grunt and was made to felt putout for asking to sit at a table and not the bar. The waitress was just as bad. No customer service at all. Ordered a burger and it was worse than mcdonalds. Left half on the plate.,Kevin B.,chilis-too-chicago-3
12,{'ratingValue': 4},2013-07-04,"I stopped here for Dinner on my way to the UK.

Service was ""just in time"" 
Waitress (older, very nice, Philippina lady) took order very quickly. Took 10 to 15 to bring out, and then right when I needed to leave, she magically appeared with the check. 
Total time was maybe 35 to 40 minutes


Great wings (boneless) get it with ranch. :)
That's what I got, and I'd get it again. 
Good times.",Donato J.,chilis-too-chicago-3
13,{'ratingValue': 4},2016-06-28,"With the Wolfgang Puck now closed there are very few options for breakfast in Terminal 3.  I had scrambled eggs and bacon.  Service was quick, food well prepared and they got me on my way quickly.  Decent breakfast option.",Philip L.,chilis-too-chicago-3
14,{'ratingValue': 1},2016-03-16,"I just had one of the worst burgers of my life. At this point I should just assume that at places like Chili's they're going to play ""competent chef"" by putting some sauce on the burger that was not on the menu and that I definitely didn't ask for. That's the only explanation I can think of to justify the pink slime gracing the bottom bun of my bacon burger. What the fuck, Chili's?!?! I feel personally betrayed by you.",Robbie D.,chilis-too-chicago-3
15,{'ratingValue': 1},2013-11-25,"I was at O'hare for a work trip and was starving.  I decided to eat at Chili's Too since I was in the mood for the Big Mouth Bites and it was the first place I saw after security.  The hostess seemed really uninterested and ended up seating me in a high traffic area when there were empty booths farther in the restaurant.​

I was also disappointed since they has a super abbreviated menu.  I was able to order my Big Mouth Bites, but the execution or heating was subpar.  It was edible, but I was let down.  Fortunately, I wasn't paying for this.  I would not eat here again if I was hungry and at O'hare.  I left feeling I overpaid with my experience with the hostess and the food.  I know Chili's is a chain, but I still expect quality control with respect to service and food.",Roxanne A.,chilis-too-chicago-3
16,{'ratingValue': 1},2015-05-22,If you sit in the bar to eat. Watch your bill!  They add other passengers drinks to your bill.  They have done this twice to me.   Food is not that great either.,Susan H.,chilis-too-chicago-3
17,{'ratingValue': 2},2015-09-17,"I ordered taco platter that had one shrimp, one chicken and one pork taco.  Chicken was the best of the three but I did not finish any of the three because they just were not very good.",Andrew S.,chilis-too-chicago-3
18,{'ratingValue': 1},2015-04-01,"Worst restaurant experience I have had in a long time. After being seated for 15 minutes we had to go find someone to serve us. Which was funny because there were easily 5 servers working. In addition, the bacon chicken sandwich over poorly put together and the bread seemed old. My friend ordered a Santa Fe salad that looked like it had been sitting out for a good 15 minutes  before it was brought to the table. Our server was very kind and helpful once we were served but the overall experience was lackluster.",Avery M.,chilis-too-chicago-3
19,{'ratingValue': 2},2015-12-27,"After waiting for about 5 minutes I was finally able to flag down a bartender to give my order. I generally hold Chili's to a high standard, however, this place couldn't hold a tear in a bucket. The bar is obviously ran down with little to no appeal. Cleanliness doesn't seem to be part of the vocabulary, however I question whether there are enough people to support the bar's high volume of business. 
Come on Chili's...lets get it together and clean-up, and upkeep your premises.",Miguel C.,chilis-too-chicago-3
0,{'ratingValue': 1},2016-02-25,"I got the triple dipper flat beer, cold wings and poor service.
I will avoid next time.",My Two Cents F.,chilis-too-chicago-3
1,{'ratingValue': 2},2013-07-18,"For a Chili's I can't say I was impressed.  Yes its an Airport, and yes they see a lot of folks, but thats not an excuse for not meeting up to the Chili's name or the standards expected when visiting a Chili's.  Its by no means a 5-star place but you at least have to expect some reasonable service and it was just lacking here.

The menu is slimmer, they don't honor the Chili's coupons, and the folks here are just not very friendly.  The hostess was frankly a snotty, rude B.  She seemed so annoyed that she was having to deal with anyone and had a serious attitude complex.

Our waitress almost never came back, we ran out of water a few times, then when she did come get the glasses, she forgot to bring them back.  Then when she did bring it back, it was the same cup that had been sitting in the back for a while... makes me question things.  Not impressed.",Tony H.,chilis-too-chicago-3
2,{'ratingValue': 2},2014-08-04,"This place is a bit of a mess unfortunately.  The food was good - typical Chili's fare.  Everything came out nice and hot, and as ordered.  No complaints there.  The service is pretty bad, however.  We were unable to get drink refills at all, even after asking.  Also, we made the mistake of asking if we could use Chili's gift cards - the answer is yes, you can, but make sure you have plenty of time to sort it out.  Our waitress had no idea how to deal with the gift cards, so it was turned over to another waitress.  I gave her two gift cards to cover the meal - apparently one was empty (which I'm not sure I believe), so she came back and asked for another.  Then she couldn't get the second one to work.  Then, there was the issue with trying to get a tip covered on it.  And then we got yelled at because we were taking her away from her section.... yeah... so because the first waitress wasn't trained properly, it's our fault for making another waitress fill in to get the issue resolved?  Right.  

Decent food - but wow... the service sure left a bad taste in my mouth.",Andrew P.,chilis-too-chicago-3
3,{'ratingValue': 1},2016-12-19,Don't order the chicken enchilada soup. It's disgusting with chunks of tasteless rubbery meat barely identifiable as chicken. Couldn't finish it. A bowl of this garbage plus a soda will set you back $10. Service very slow and unfriendly.,Kate B.,chilis-too-chicago-3
4,{'ratingValue': 4},2014-06-28,Pleasantly surprised to learn they serve breakfast. I was not disappointed with the Southwest Omelette; pretty generous in portion and full of flavor. The salsa on the side was one of the most delicious salsas I've eaten. Good job Chili's Too!,Tim R.,chilis-too-chicago-3
5,{'ratingValue': 3},2014-08-13,"Service at this location is a bit spotty - sometimes ok and sometimes not. The food is pretty good, with reasonable portions provided. it's a little expensive for what you get, but that's typical for an airport.",Tom N.,chilis-too-chicago-3
6,{'ratingValue': 1},2015-06-15,I know it's Chili's but this was the worst experience at this chain yet. Being in an airport they should at least get a drink order quickly. Instead we waited for 20 minutes and were told by three different employees that they were busy and couldn't take any orders. They did however serve everyone around us quickly. Then they were out of items on the menu. To top it off not a single apology for the terrible service was made. Go ANYWHERE but here.,Erin H.,chilis-too-chicago-3
7,{'ratingValue': 1},2014-07-22,"Upon entering this little chili's, I had to ask if I could seat myself or if I needed to be seated. After being told to wait, I was finally seated by the same guy who told me to wait, who seemed to be unable to find the host/server. I got a house margarita which I swear to you had no or very little watered down tequila in it. I was gagging at the overbearing abundance of sour mix in the drink. Then, after telling the server I didn't want food several times and after her asking again and again, we ordered her suggestion: tortilla chips and salsa. When this finally came out, it was almost completely small crumb chips... Oh and then after all of this, including NO water refills or being able to find the server to order a shot so at least we could be a little bit buzzed for our flight, we were told the card machine was down and had to wait about 30 minutes to close out, after being told with an attitude of no sympathy for their own burden upon us. Finally they figured it out right in time for us to run off to our terminal. Ugh!!!",R C.,chilis-too-chicago-3
8,{'ratingValue': 1},2014-04-15,"I got THE WORST food poisoning in my life from this restaurant. I mean, I lost 15 lbs within 4 hours kind of food poisoning. All I had was chips and salsa while I waited for my flight to board. It had to have been the salsa, which tasted like s*** and was warm. I didn't think anything from it though at the time. Also, RUDE ASS wait staff. For the love of god and your intestines, don't go here unless you want a painful crash diet and a 3 day forced vacation from life.",Isla A.,chilis-too-chicago-3
9,{'ratingValue': 1},2014-06-27,"This place sucks almost as much as the big Chili's in front of H/K gates. Terrible service, fair to poor food and expensive. Tried more than once. They even make breakfast a terrible experience.",Allen H.,chilis-too-chicago-3
10,{'ratingValue': 4},2013-03-02,No earlier flight to Atlanta so visited Chili's 2 Go on Terminal 3. Chili's chicken enchilada soup is always a treat in my humble opinion. Also had a salad all for $7.49. Not bad price for airport food. Service was good and waitress recognized me from my last trip.,Ralph S.,chilis-too-chicago-3
11,{'ratingValue': 3},2012-05-03,"This place located in the air side and it is one of the nicer sit down restaurant options.  The services were friendly and quick, however the food quality is just so so.  Not much tip for this place but I liked their club sandwich and their fries are decent too.",Ken H.,chilis-too-chicago-3
12,{'ratingValue': 3},2014-08-23,"Adequately fast service.  The food was pretty decent (lighter choice salmon).  The rice was a bit salty but the salmon was tasty and the broccoli was cooked well.  It's a bit loud if you're right near the entrance, as it's located at the intersection of two well-traveled terminals.  A few screaming kids kind of ruined the experience, but I can't expect too much...it's an airport.",Parker K.,chilis-too-chicago-3
13,{'ratingValue': 4},2015-11-18,Shrimp tacos were yummy! Quick service between our flights! I'd stop next time we're traveling.,Jen M.,chilis-too-chicago-3
14,{'ratingValue': 1},2014-07-12,Extremely slow!!! I have 45 minutes between flight to eat food here. Then it takes 10 minutes before someone came to me and I could made a order. It took them 25 minutes to cook the food. So I get 10 minutes to eat. Terrible service.,Xiaoxue G.,chilis-too-chicago-3
15,{'ratingValue': 2},2014-08-08,"Would not recommend this restaurant. Nothing was up to par. My first impression was , this place needs a good scrubbing. Tables are squeezed together.  That on top of the fact that this is in an airport where people have luggage and rolling briefcase made it very hard to negotiate through the maze to my table. I waited about 10 minutes for the waitress to come and another ten minutes to get a cup of coffee. Food came shortly after that. I ordered pancakes with bacon. Pancakes were larger than the platter they were served on making it sloppy. They were served with one pack of cold syrup, sugar free not available. Pancakes were lukewarm and tough. The bacon was paper thin and had black chunky residue on them like they were cooked on a dirty grill. Overall an unpleasant experience.",Susan K.,chilis-too-chicago-3
16,{'ratingValue': 1},2016-06-19,I never got a chance to order and eat.   Manager sat me at a table to be shared with another couple.   There were plenty of seats for my party of 1.,James M.,chilis-too-chicago-3
17,{'ratingValue': 1},2016-06-19,"Service was really, really slow and the food was cold (supposed to be hot). Don't bother.",Jon S.,chilis-too-chicago-3
18,{'ratingValue': 1},2016-03-06,"What was I expecting lol bad,cold food.. found a hair in my burger. to go counter server Darlene was extremely rude. How does this place get business",Johnathan P.,chilis-too-chicago-3
19,{'ratingValue': 3},2013-11-13,"The food is good, it's the location and the noise associated with any airport that makes this a lower rating.  They have two TV's that are somewhat obstructed, and the bar area and their selection is surprisingly limited.",Dave K.,chilis-too-chicago-3
0,{'ratingValue': 4},2013-11-13,"Having eaten in the O'Hare airport many a time, I can say that this one has THE nicest, friendliest staff of any airport restaurant anywhere!. The food is good, usual fare you'd find at places like this - but the extra-kindness of the staff makes it a favorite.  I have also taken my family there when we've had to stopover between flights - same great service. P.S. I'm a good chef myself and not usually prone to gushing about a franchise.",David T.,chilis-too-chicago-3
1,{'ratingValue': 1},2014-01-04,Worst bartender ever... The old  blonde lady. She was so freaking rude. Kind of sad because we spent $70 there... She should of been nicer and she would of gotten a better tip. YUCK!!! PEACE SUCKERS,Barbara K.,chilis-too-chicago-3
2,{'ratingValue': 2},2014-03-01,"The service was lacking.  Sat at the bar for around 5 minutes while the bar tender conversed with a server.   The bar tender was not very pleasant to deal with. 

As for the food.  Got a cheese burger.  Bun was stale and burger tasted like it had been sitting for awhile.   Fries were very fresh though.",Travis B.,chilis-too-chicago-3
3,{'ratingValue': 3},2013-12-12,"Limited menu so the turnaround is a bit faster. There are better restaurants in ORD,  but if you're short on time and around gate B12 you could do worse. 

I've been here several times and never had any issues with the food or service. After all it is a Chili's so I'm not going in with high culinary expectations.",Jamie G.,chilis-too-chicago-3
4,{'ratingValue': 5},2014-07-20,"Got here before noon Sunday.  No line/empty tables.  Got served right away.  Had a salad and it came out looking great.
Line started to form at noon but cleared just as fast.  
I would eat here again.

Note that their menu is limited.  For instance, did not see the quesadilla explosion salad I usually get.",Dave D.,chilis-too-chicago-3
5,{'ratingValue': 2},2014-07-19,We had to wait 30 minutes for service. The wait staff was rude.  I'm not sure if it's because we are a biracial or older. The restaurant was filthy. Never again.,Carol M.,chilis-too-chicago-3
6,{'ratingValue': 4},2013-03-16,"I am not sure how but I ended up here twice in my travels event though Chicago isn't usually on my list of places to stop. Chili's to go is pretty simple. Everything is disposable and the menu is about 1/3 of the regular Chili's menu. Burgers are the key thing here and they are pretty darn tasty. The waitress was friendly and put up with me even through I was paying more attention to my work than her (which I apologized for). Fast, friendly, and good food, what more can you ask for?",Adam C.,chilis-too-chicago-3
7,{'ratingValue': 4},2012-11-14,Solid breakfast spot at O'Hare.  The omelet was big and tasty.  I added jalapeños for no extra charge.,Tom P.,chilis-too-chicago-3
8,{'ratingValue': 2},2013-05-17,I hope I didn't get food poisoning.  Now that is a review that you don't really want. Please note they still get two stars. People that give one star are expecting more than the business is offering.  This places should be skipped.,Stewart L.,chilis-too-chicago-3
9,{'ratingValue': 3},2013-02-08,"Not bad, but nothing to really write home about.  Small expensive OJ, decent eggs, toast.  Not a bad option if you find yourself way to early for your flight in the morning and are in the F Terminal.",Brandon T.,chilis-too-chicago-3
10,{'ratingValue': 2},2013-04-06,"Super slow service.  Luckily I had a couple hour layover,  otherwise I would have been in big trouble. Server was nice though.",Tammy K.,chilis-too-chicago-3
11,{'ratingValue': 2},2013-09-14,"The food is fast, but below average compared to other Chilis in airports. The roast beef was tough, but the fries were ok. The guy next to me at the bar got part of his meal comped because he complained about the boneless chicken wings. Neither of us expected much, but this was disappointing.",Jim D.,chilis-too-chicago-3
12,{'ratingValue': 3},2013-01-13,"It's Chili's...but just at the Airport.  It's absolutely fine.  Not that healthy, but tastes as you would expect.",Paul C.,chilis-too-chicago-3
13,{'ratingValue': 2},2012-06-24,Watched the Eurocup at the bar... poor service and for some reason really expensive drinks.  Though by the third one I didn't really care.  Location is good; you have quick access to the gates from here.,Tom H.,chilis-too-chicago-3
14,{'ratingValue': 1},2013-11-11,"What a lousy salad, possibly the saddest salad I have ever seen. I had to confirm it was the correct order. Any manager who let's this trash be served to a customer needs to be replaced.",Kevin B.,chilis-too-chicago-3
15,{'ratingValue': 1},2014-11-08,I ordered a salad and it came to me with clear lettuce that was also wilted at the same time. I threw it in the trash. The waiter did not care enough to ask why I did this. Don't eat at this disgusting restaurant.,B L.,chilis-too-chicago-3
16,{'ratingValue': 3},2012-08-30,"Although this is a traditional stop for me, today's experience was not a good one. The hostess seemed bothered as she threw my menu on the table and pointed to my chair. The table and floor was sticky and made my shoes squeak as I walked through the airport when I left. Food is good though not great. I'll still come back and hope today was just a fluke.",Bruce T.,chilis-too-chicago-3
17,{'ratingValue': 1},2014-04-17,"I get that I'm not going for fancy. But soggy bread, cold fries and a horrible waitress are bad...even for Chili's",T L.,chilis-too-chicago-3
18,{'ratingValue': 1},2012-08-09,Not a good place for breakfast. My waitress had the personality of a bulldog who got locked outside during a rainstorm. 14bucks for two cold pancakes two cold sausage patties and a glass of oj that should of been on the kids menu. I guess what do you expect in ohare.,Kory V.,chilis-too-chicago-3
