,reviewRating,datePublished,description,author,alias
0,{'ratingValue': 5},2018-02-26,"I've been frequenting this Chipotle ever since I moved to the area. It's very convenient for me being in between my gym and home. There is typically only a slight wait around dinner and lunch rushes, but even then I get in and out pretty quickly.

The food is always fresh and very well made. The staff has also been extremely friendly to me at every visit and always makes sure to ask if I need anything else with my order. They also keep the facility clean which is a huge plus. I never dine in, but it is very spacious if one were to do so.",David F.,chipotle-mexican-grill-chicago-29
1,{'ratingValue': 1},2019-02-01,"By far THE worst chipotle ever... their people are rude and do not care about their delivery services with Door Dash. The only answer they could give me was "" oh that's not on us "". Then they had me call 1800 chipotle to get my refund , so when I called I got directed to their website which then forces you to email them instead of talking to someone in person. They suggest calling the store but whoever I just spoke with was incredibly rude and dismissive and didn't give a F**k .. I will likely never come back and I know Chipotle doesn't care , because who cares about service right when you can just have another customer come pay for some bullshit service and food ...",Eliza G.,chipotle-mexican-grill-chicago-29
2,{'ratingValue': 1},2018-06-17,I came to Chipotle for a late night meal and ordered a to go meal. When I mixed my burrito bowl I came to find a leaf from a tree in my food. I already mixed the food with the leaf inside and the steak was just dreadful.,Adis N.,chipotle-mexican-grill-chicago-29
3,{'ratingValue': 5},2019-05-04,"The folks who work here are so kind and nice. One of the employees felt bad that our margaritas weren't ready before we were done eating (we just eat fast and it totally wasn't his fault), and he was so sweet and gave us some coupons. 

Anyone who whines about this place is a dumb Loyola kid.",Hunter C.,chipotle-mexican-grill-chicago-29
4,{'ratingValue': 2},2019-03-02,"Every time I order from here(via Chipotle app) I get nauseous. The first time I ordered it was great and I felt fine. It's gone downhill since then... last time there was some weird sauce leaking out of my bowl that I didn't order but also didn't want to waste the entire bowl. So there I was eating the $18 worth of food unknown sauce burrito bowl when ""it"" hit me. It's like: welcome to Chipotle where you can get a burrito with a side of sh!$s. Never again.. until like next week... maybe...",Shoortandsweetmd X.,chipotle-mexican-grill-chicago-29
5,{'ratingValue': 2},2018-08-27,"Stopped by at 2:30 PM. Not a clean table in the place. You would think that they would get their act together with all sanitation problems they have had. I won't go back. Food was still good so I gave 2 stars.
About 3:00 PM an employee came out with a rag and started cleaning tables. When she was done there was still food visible on the table she had just cleaned.",Thomas K.,chipotle-mexican-grill-chicago-29
6,{'ratingValue': 1},2019-04-05,"Horrible customer service. I had to wait to order my food until they filled several orders for either pick-up or delivery. You have a customer standing in front of you, they are the priority. After my order was completed, no one was at the cash register. I asked if someone could check me out and was told they were busy helping someone.

I walked out without the food. I won't spend my money at a place where it is not valued. Chipolte as a meal isn't worth the hassle.",Kimberly N.,chipotle-mexican-grill-chicago-29
7,{'ratingValue': 5},2018-11-20,My Chipotle is better than your chipotle! Best service for standard food at a chipotle. Thanks team for your consistency in amazing service!,Andrew K.,chipotle-mexican-grill-chicago-29
8,{'ratingValue': 4},2019-03-26,"Chipotle is chipotle, it's a good quick choice for good food. Today however not everything was perfect. There was an issue with how my food was made. Here's the thing that took this from a  1 star to a 4 star review. The service, I brought my concern to a staffer who asked me, very politely I might add, to follow her, she then alerted the manager on duty and then jumped in to alleviate the manager so she could come talk to me. The manager expressed how sorry she truly was and asked if I wanted a remade meal or if I wanted a gift card, basically how I wanted it handled. This right here is how complaints and customer service should be handled.  Well done Chipotle.",Enrique M.,chipotle-mexican-grill-chicago-29
9,{'ratingValue': 2},2018-12-16,Got a the steak burrito today and the meat was cold. Wrote to Chipotle asking them if by design they store and sell their meats cold - The flavor was a bit disgusting and I  had to throw mine away.  My son luckily made himself a veggie burrito which definitely seemed safe and he enjoyed it.  I can summarize my review with disappointed !,Usama H.,chipotle-mexican-grill-chicago-29
10,{'ratingValue': 3},2019-06-07,"The staff did not communicate to me that if I asked for a drop more of guac, I would be charged extra for my veggie bowl. That's also considering that I skipped over a bunch of other ingredients. They are very intense about their guac... at the cash register.",D K.,chipotle-mexican-grill-chicago-29
11,{'ratingValue': 5},2018-10-18,I love this Chipotle! I met up with the rest of the Bumble team here for a meeting and was so happy with the quality and quantity of our food. This location definitely gives you your money's worth-- I would definitely recommend!,Mia K.,chipotle-mexican-grill-chicago-29
12,{'ratingValue': 4},2017-01-19,I went to Chipotle for lunch and there was no line and I zipped thru pretty quickly .  It was very clean and my sofritas Bowl was so delicious.  The staff was friendly as well.,Ursula P.,chipotle-mexican-grill-chicago-29
13,{'ratingValue': 4},2017-06-25,"Disclaimer: Haven't been to Chipotle since I was a college student getting a liberal arts degree in Ohio 4 years ago. That being said, the burrito I got tonight from this location had everything I've been craving since my last Chipotle visit. I went with a barbacoa and chorizo burrito and added that guac at the end like the good girl that I am. And I definitely got a Dos Equis when I got to the register. Overall, I was incredibly happy with my Chipotle experience this time around and I look forward to visiting this location again hopefully in the near future!",Jenni E.,chipotle-mexican-grill-chicago-29
14,{'ratingValue': 1},2018-06-23,"The cashier here 'stole' a dollar from me. I counted $17 in my wallet before I left and counted out $9 to give him. As I was leaving he said I only gave him $8. Not wanting to cause a scene or keep customers waiting, I handed him an extra dollar and the counted my money again. Only $7. By that time I couldn't say anything because he had already put my money in the drawer. Either this kid is an idiot who can't count to 9 or he scammed me to get an extra buck in his tip jar. It's only a dollar sure, but it's about principle. My advice is to always pay with a card at this Chipotle. Also, they skimped on everything they put in my bowl so there's that too.",Melissa N.,chipotle-mexican-grill-chicago-29
15,{'ratingValue': 5},2018-05-26,"Probably one of the most consistent Chipotles (food wise) left in Chicago. I can come here at any time of the day or week and the food will be fresh and most importantly delicious. Most Chipotles-- especially in the Loop-- have suffered quality wise over the years, but this one is still great.",Meg S.,chipotle-mexican-grill-chicago-29
16,{'ratingValue': 1},2019-01-07,"I like Chipotles food overall, but this restaurant has no consistency with their portions. My burritos bowl had 6 square of steak in it and I wouldn't consider it a meal.  I wasted my money today and will not be back.  Very disappoint and strongly believe this store need new management.",Kyle S.,chipotle-mexican-grill-chicago-29
17,{'ratingValue': 5},2018-07-05,Super friendly staff. They're always laid back and don't skimp on portions. Happy to keep going back! Thank you!,Justin F.,chipotle-mexican-grill-chicago-29
18,{'ratingValue': 5},2018-01-09,"Becca the New GM is amazing and the new staff she had brought in only  put out the best customer service and product , this is my chipotle of choice ALWAYS !!!! They care about there customers and it really does show !!!!",Andrew P.,chipotle-mexican-grill-chicago-29
19,{'ratingValue': 2},2018-03-17,"Guac was almost completely unseasoned -- it had two tiny flecks of cilantro and maybe one bit of red onion in the entire side serving. I don't know if it just wasn't mixed correctly or if they ran out of add-ins, but this was definitely not Chiptotle's standard guac.

Black beans were also underdone, and the steak (which I had come for) looked overcooked and dry, so I changed my protein to chicken, which was fine.

The staff, however, is extremely friendly and professional. Maybe it was just an off day in the kitchen, but this was notably sub-par food for Chipotle.",P E.,chipotle-mexican-grill-chicago-29
0,{'ratingValue': 1},2016-10-13,Need to train employees how to move faster or hire more employees look at how long this line is. And there are more people behind me there's a line to the front entrance . It's only q regular Thursday nighBeen standing here almost an hour for ONE burrito !,Niilye B.,chipotle-mexican-grill-chicago-29
1,{'ratingValue': 5},2017-12-10,"My friend had a party catered with about 30 different burritos and chips, salsa, and guacamole. The chips, salsa, and guacamole were very fresh and I had one of the chicken burritos with white rice, pico, black beans, and cheese the next day, and it was still very good and fresh tasting. The catering was a great addition to the party, and everything turned out great. I'd definitely recommend getting catering from here.",Ellie P.,chipotle-mexican-grill-chicago-29
2,{'ratingValue': 3},2015-01-24,"Meh. Average service. Decent food. I had to wait 10 minutes for brown rice the last time I was there. The line grew extremely long (as to be expected) and there were no apologies. 

It's a chain so you get what you get.",Kaley K.,chipotle-mexican-grill-chicago-29
3,{'ratingValue': 4},2017-07-19,"I was a repeating customer at this chipotle and they usually always gave great results. Most of the time I made online orders and was greeted with my meal by the time they arrived. Like most places, they only are as good as their employees. Some of the staff will just be a little bit more competent and able to properly fold the burritos. 2 women who work here were always very enthusiastic when theu recognized me and made sure I always got the best service. Now I'm not proud to once be a regular at a semi premium fast food style Mexican restaurant, but it is tasty.",Jack S.,chipotle-mexican-grill-chicago-29
4,{'ratingValue': 1},2017-12-11,"Today had a steak burrito with white rice and black beans, pico de gallo, sour cream and cheese and had food poisoning, felt dizzy most of the day and trowing up, never eating here again.",Predrag M.,chipotle-mexican-grill-chicago-29
5,{'ratingValue': 2},2016-03-14,"Always an issue when I come here... The overwhelming majority of the time, the issue is a small burrito. I think one time they made it normal size. I have been here a dozen times or so... I come back because it's close, and yet they consistently make small burritos or it's something else. I go to many chipotles in the city. Never had an issue. The line here is God-awful during dinner hours, particularly if there's nice weather. You'll wait in line for 20 minutes while they are understaffed or the staff is plain not trained well enough. I want to love this chipotle. It is so close and convenient. But I normally just leave here with my burrito and feel bitter for one reason or another.

I'm giving them a second star because the food itself is usually fine... Minus a time or two when the chicken was burned.",Matthew D.,chipotle-mexican-grill-chicago-29
6,{'ratingValue': 5},2017-07-24,"I had a great experience at this Chipotle. I felt bad for coming in the last 8 minutes it was open tonight, but the staff was so kind and willing to make my food. Evan, in specific, made the experience so delightful. He was so nice and did a great job making my food! Definitely a hard working and kind person.",Florencia N.,chipotle-mexican-grill-chicago-29
7,{'ratingValue': 1},2016-07-24,"Today I had the most HORRIBLE experience here that actually brought me to tears. I'm going to start off by saying that I am a frequent returning customer. It's near my apartment complex and I love chipotle so much that I gave them a good review a few months ago. But today I will NEVER be returning to this chipotle. I've already spoken to the store manager Pedro. And because today is Sunday I have to wait until tomorrow until I can call the regional manager and corporate. 

Okay so let me tell you what happen. I walk to Chipotle as usual. It was about 1PM today on July 24th. Once I get inside a very nice male proceeds to take my order. It was a Black African American Female who works the grill and the tortillas, she is dark skin with long dreads. She shouts to her coworkers in the back and say to them ""Big bird is here!"" So I'm continuing on with my order and don't pay it any mind because they couldn't be talking about a loyal customer right? Wrong! She nods to me and tell her co workers, ""Go look in the book that we made about all the returning pale tone customers. She in there under bird""Then all her coworkers that was in the back came to the front to look at me and laugh, and I must say this, THEY WERE ALL AFRICAN AMERICAN. I was so angry that I apologized to the guy that was serving me and I walked out. I never been so humiliated as a respectful paying customer. So apparently they have a book they keep in the back where they make fun of ""certain"" customers. Like are you serious? You wouldn't have a job if it wasn't for customers. I called the store once I left and spoke to Peddy or Pedro and explained to him what happened. He wanted me to come back for a free meal but I'm so upset and humiliated that I never want to see their faces again until our court date. He apologized and said that he will handle her. I already made him aware that I would be going to corporate. To be that blunt and disrespectful to a customer that is super friendly and spending their hard earned money is absurd! If your a frequent customer here, you should beware because their probably drawing you as cartoon figure or printing out your picture from the camera and calling you names in a customer book.",Jessica H.,chipotle-mexican-grill-chicago-29
8,{'ratingValue': 4},2015-04-13,"Sometimes you just need a Burrito Bowl from Chipotle!!! I usually prefer the Steak with brown rice, black beans, corn, veggies, and guacamole. Overall the food is pretty consistent & fresh. I really like their guacamole. But, sometimes I take out from here, and I have to microwave everything for a minute - because it's already gone cold (and I only live a couple blocks from this spot)! So, maybe keep the food hotter??

The best thing is that it's relatively healthy, yummy & they're open till 10pm!! You can't really beat that.....and....I know I really shouldn't be eating dinner at 10pm (sad face)....

Usually, the service is pretty fast and friendly - but sometimes I see an employee who is obviously not happy, and I've seen some employees snip at each other. Not really what you want to see when you're grabbing chips & salsa - if ya know what I mean.

Overall, it's not the best food in Chicago, but once in a while it's just what I need.",Dave O.,chipotle-mexican-grill-chicago-29
9,{'ratingValue': 3},2015-05-07,"Try to think of the times this place might be busy: lunch and dinner time. I recommend you save yourself time and order your food on your phone. [Maybe save yourself and everyone else in line time by placing your huge office orders via fax, online, or by phone.] HOWEVER that won't guarantee your order will be correct. I once had to return a burrito because an employee added sour cream which completely ruined my burrito. To be fair it was ONE screw up vs the 10 (or 20.....) other times I've eaten here.

While this location is further from my place (vs the Berwyn location) I would rather come here because it seems like the food is more seasoned vs the Broadway & Berwyn/Foster location.",Courtney C.,chipotle-mexican-grill-chicago-29
10,{'ratingValue': 3},2016-12-23,"My meal was still good, but as I was ordering the guy with the dreadlocks didn't listen to a word I said. I asked for a burrito bowl, he gave me a burrito after I tried to say burrito bowl twice. Then put lettuce all over the burrito after I asked twice again. Normally I'd say he was stressed but it was just me and my bf in the restaurant. Food was still fine, just if you're going to work the front line, how about you actually listen to the customers.",Joey M.,chipotle-mexican-grill-chicago-29
11,{'ratingValue': 4},2015-11-02,"This location keeps the standards of the Chipotle brand. The location is in a good spot, next to the Red Line El train stop at Loyola. Lots of college kids eat there. On good weather, the outdoor seating is fun.",Mike F.,chipotle-mexican-grill-chicago-29
12,{'ratingValue': 5},2016-01-08,"If you're in the area and you want something nutritious and fast Chipotle should be one of your choices. This location is always packed during the lunch hour. So far all my experiences here have been pleasant when Im in town. The employees know how to work the line to get people in their way.

Enjoyable food w different options and combinations for their liking and if you decide to stay and eat there they have inside and outdoor seating options. I'm always coming back for more..",John R.,chipotle-mexican-grill-chicago-29
13,{'ratingValue': 2},2016-07-05,"This location never ceases to disappoint. After a six-month hiatus because we were tired of the bad service, we revisited. I got white instead of brown rice and my friend's chicken burrito bowl had no chicken in it. What's worse is when he took it up to get chicken added it took them seven minutes to take care of it - and three people to discuss it.",Jason S.,chipotle-mexican-grill-chicago-29
14,{'ratingValue': 5},2017-08-26,"People giving a bad review don't realize this chipotle is by a university, obviously there's gonna be a croud of people, you can't expect them to clear the way for you. But moving on I've always had a great experience here. I can tell employees are tired (I would be too if I worked there) however they still manage to smile and keep it friendly. Others may complain about not getting a ""genuine happy smile"" but come on thats every job you go to  overall I love coming here and my service has always been on the top.",Crystal R.,chipotle-mexican-grill-chicago-29
15,{'ratingValue': 4},2013-09-22,"I like Chipotle. I like Chipotle a lot. It's not a ""Mexican Grill"" and it's not really authentic ANYTHING but it sure is delicious.

This location is great. It's clean, it's reliable, they don't make me order a burrito before I use their restroom. The staff is nice.

I like that this location offers the brown rice option, and the burrito bowls here often get HUGGGE. Sometimes I order a burrito bowl and then just supply my own tortilla at home because it seems that I get about 30% more fillings that way.

Meat here is generally kept pretty fresh.",Katrina R.,chipotle-mexican-grill-chicago-29
16,{'ratingValue': 1},2015-11-08,"Yuk...... it is as bad as it sounds, McDonald's Mexican food!!!!  OK, better than Taco HELL, but it is not Mexican food.",Lord Of T.,chipotle-mexican-grill-chicago-29
17,{'ratingValue': 3},2014-03-13,"The first time I went to a Chipotle (years ago) I was impressed they had carnitas...it gave it a little authentic taco restaurant street cred and I respected the fact that a corporate fast-food restaurant didn't just have chicken or beef options. 

You know what you're getting with Chipotle, which is the point. Small, manageable menu, speedy service, adequate food. It gets the job done when the hunger sets in.

Of course living in such a culinary and ethnically diverse city as Chicago, it's difficult to give Chipotle more than 3 stars, because there are so many more deserving taquerias that are better and cheaper. 

Chipotle is an average taco restaurant and as far as corporate chains goes, it's a solid choice and you know what you're getting.",Tim H.,chipotle-mexican-grill-chicago-29
18,{'ratingValue': 3},2011-04-23,"I am writing this review from the perspective of someone who has been to a few Chipotles in his day. This one is larger (probably due to Loyola), but it seems this place gets backed up and slower than many of its contemporaries. 

Also, the downside of having to ask for a bathroom key like its a BP on the southside is a bit demeaning. I dont want to admit to anyone behind the counter that nature is calling thank you. I have a better idea, kick out the riff raff if you think they are there just causing trouble. If not, let them pee.",Matt M.,chipotle-mexican-grill-chicago-29
19,{'ratingValue': 4},2013-08-04,"When I worked downtown Chicago there was a Chipotle across the street.  It was always packed.  Luckily Chipotle has an app where you can order online or you can go to the website.  It saved twenty minutes waiting in line.  Five Stars

I now go to the Chipotle at Loyola.  The space is large to handle the university and the lunch crowd from the neighborhood.  Five Stars

I am GF and Chipotle is my good to place for quick eats.  I love the fact I can order items that are GF without all the hassle.  Five Stars.

I know the food is really American Mexican, but it is good and it is reasonable for the price.  I definitely like it better than most of my fast food choices.  Three stars",Joan T.,chipotle-mexican-grill-chicago-29
0,{'ratingValue': 1},2014-03-29,"The food is great but the customer service for on-line orders at this location is terrible. It's a broke down Chipotle. They keep messing up my on-line orders, most recently twice this month. They either forget to put in the brown rice or black beans. On other occasion they had my salad in the oven waiting for me to pick it up, it was baked and the lettuce turned to mush. One other time, when I went to pick up my order, they kept giving me someone else's order twice,
 I have written corporate about this but they have not improved. In my experience there 's a careless attitude in getting the on-line orders right, even when I am waiting and I ask them to please make sure it's right.",Sean M.,chipotle-mexican-grill-chicago-29
1,{'ratingValue': 4},2016-03-21,"I come here about once a week, and I'm always happy with my meal. The guac is the best around. Yeah, I know, it's a chain. But unlike a lot of Mexican places, Chipotle is very veggie friendly. I get the bowl with brown rice and both kinds of beans, peppers, onions, and all the toppings. I love the company's non-GMO policy, and the staff at this particular location is always fast and friendly. I wish they had sliced jalapenos though.",Conrad B.,chipotle-mexican-grill-chicago-29
2,{'ratingValue': 3},2015-10-19,"Middle of the road for quality and service. Next to Loyola University, so expect an epic wait during peak dining hours. Overall, one of the city's better locations.",Dong H.,chipotle-mexican-grill-chicago-29
3,{'ratingValue': 3},2015-11-05,The quality of the food is inconsistent. Sometimes I've gotten rice that wasn't cooked long enough. I love chipotle but the service here is so slow and inefficient. Probably the worst chipotle I've ever been,Dave P.,chipotle-mexican-grill-chicago-29
4,{'ratingValue': 1},2015-09-10,"Worst chipotle ever. Never prepared for lunch hours - constantly run out of meats especially chicken, skimpy portions, and service with an attitude. I won't come back.",Leticia G.,chipotle-mexican-grill-chicago-29
5,{'ratingValue': 5},2015-04-17,"I am a Chipotle burrito addict. I live two blocks away which is bad for my health because I honestly come to this location at least once a week, if not twice. Sometimes the line gets a little long but its understandable given the Loyola location and time of day you go. However, I have always received good service and the food has always been on point. The baby bags of chips are always stuffed; I've been to other locations where there's literally been like 6 chips in it. My burritos are always wrapped nicely too. I love Chipotle!",Amanda H.,chipotle-mexican-grill-chicago-29
6,{'ratingValue': 3},2014-10-25,"I just came in around 11:10 am with my girlfriend to grab a quick bite to eat. Immediately I felt rushed by the young lady taking our order. There were five of us in line in total, yet I felt she was being very pushy and rushing us through the line. She used a very intimidating tone, and I felt I should just apologize. Honestly I love the food but I really wanted to just walk out. Three stars are based on service only.",Barry J.,chipotle-mexican-grill-chicago-29
7,{'ratingValue': 1},2014-05-16,"Teacher's Appreciation lunch totally ruined. My school bought lunches for our staff today. This restaurant took 128 individual lunch orders and filled 48 orders too late for us to eat and then made arrangements for the Lincoln Ave store to fill the rest and they totally lost the order. Teachers had no lunch. Thank God Pete's Pizza could step in but it was after our lunch breaks. Everyone scrambled. Lucky for me I had a break until 2 30,  being that the last place I  would ever frequent would be Chipotles, I drove to Mariano's on Lawrence and Ravenswood. Wow! Oyster bar special is fabulous. Ten dollars for three fresh oysters, three jumbo cocktail shrimp, two crab claws, a bowl of either clam chowder or lobster bisque. The waiter counter guy who waited on me has been chosen for the Fox show Master 
Chef. He will be on the Fox Morning Show Monday Memorial Day plugging the upcoming season. Wonderful experience today. Thanks to the total disregard for customer service from Chipotles I found a great place for lunch. If you want to frequent a restaurant that has no regard for their customers go to Chipotles, if you want a fun interesting experience check out Oyster Bar at Ravenswood Mariano's and meet a possible future Master Chef. You make the choice. Pretty easy one if you ask me!",james m.,chipotle-mexican-grill-chicago-29
8,{'ratingValue': 5},2014-06-23,"This Chipotle is always busy.  It's not uncommon to see the line all the way to the door, but the staff is very quick and keeps things moving.  The food is very good and the staff is always friendly no matter how chaotic may be in there.  There's also lots of sitting space and it's kept clean.  Never had a bad experience.",Jonathan D.,chipotle-mexican-grill-chicago-29
9,{'ratingValue': 5},2012-01-26,"I lost my Chipotle virginity when I was 19.  It was a sweet moment, that burrito and I.  When we met, it was spicy and delicious love-at-first-sight.  Barbocoa, was her name.  She left her taste on my lips-- I reminisce of our time together, peppery tears in my eye.

I hope we meet again.  And. *sigh* I know we will.",Dominick C.,chipotle-mexican-grill-chicago-29
10,{'ratingValue': 2},2015-03-23,"The food was not good. The Tacos were not crunchy, the meet looked iffy. Very disappointing since I live quite close. Both my husband and I got upset stomachs after eating there, will not be going there again.",Smadar C.,chipotle-mexican-grill-chicago-29
11,{'ratingValue': 1},2015-06-04,"This is probably the most inconsistent chipotle ever!! First they have a sign that says there is an outage there chicken they normal use!! Like how is that even possible... Then I had to repeat my self 5 times on what I wanted on my burrito bowl! If the staff member wasn't so involved in a convo with her co worker she would have probably would have better customer service.  Then I turn around with my order and the dinning room was soo dirty, cups laying around and tables dirty as ever.  At this point I just wanted to grab a fork and leave!! But guess what there was NO FORKS!!!! Don't even get me started on how long it took to get me that one fork! Ugh behind disappointing!!! Sucky part is I love so close to this location and I rather just go to the taco place next to my house instead.",Gio R.,chipotle-mexican-grill-chicago-29
12,{'ratingValue': 5},2016-09-08,great place every time i go the workers are so nice the only thing i didn't like this time was the music it was to loud the speakers sounded bad made me wanna leave but the person i was wish wanted to eat their,Flower H.,chipotle-mexican-grill-chicago-29
13,{'ratingValue': 3},2015-01-06,"Chipotle should be pretty standard but this location is one of the most inconsistent one I've experienced.  I live only a block away so this location is an obvious choice for me.  Unfortunately, sometimes the meat tastes bland, like it wasn't marinated properly, and other times the beans and/or rice and/or fajita veggies are extremely watery.  Nowadays I tell the server to drain the water if I see it.

Another issue is that this location seems to give smaller portions.  Not sure why, but it may have something to do with it being extremely busy during lunch and dinner hours due to the influx of Loyola students.  However, I've been to even busier locations before and they still provided a lot of food.

The service is also slower than what I'm used to.  The workers aren't as fast as the ones from many other Chipotles, especially the one on Madison in the Loop where I go to for lunch when I work.  That Madison location is much more consistent with how the food tastes and the speed of service.

Despite the downsides of this location, I still go there quite often because it's close, cheap, and pretty good.  Just wish it was more consistent and the service was a little faster.",Sam C.,chipotle-mexican-grill-chicago-29
14,{'ratingValue': 1},2014-03-08,Horrible customer service they even refused to cut my burrito in half told me to use the plastic knife by the napkins that tore my burrito and practically made it into a burrito bowl smh,Tony M.,chipotle-mexican-grill-chicago-29
15,{'ratingValue': 4},2011-05-30,"I had the burrito bowl. it was tasty and very filling - even for a big guy like me ! 
the service was fine, the restaurant was clean.",Tom M.,chipotle-mexican-grill-chicago-29
16,{'ratingValue': 2},2011-09-13,"This review is not so much for the food but for the way it's prepared. I think Chipotle has decent food and I applaud their use of natural ingredients.

However, I'm not sure if it is systemic but this particular location is SO STINGY! They put half a spoon of your salsa and guacamole and even when you just get chips and guacamole they have the nerve to scoop out a little guacamole so it's not even full. Stop short changing us!",Matt G.,chipotle-mexican-grill-chicago-29
17,{'ratingValue': 5},2009-11-06,"I get very excited when I step into Chipotle. I know I know you are going to say this is not real Mexican food! There is no rice in a burrito! or you have never tried Tex-Mex and yes you are right it is not real Mexican food and no I probably never had good Tex-Mex.  I assume Cheese Cake Factory Tex-Mex egg rolls don't count.
But I don't want Chipotle to be a substitute for my local taqueria. 
Chipotle is good for what it is....non-greasy pretty healthy food. My favorite the burrito bowl packed with chicken, rice  lettuce, salsa with corn, cheese & guac if I feel I want to spend the additional $1.80.
Did I mention they make killer margaritas. I step out of that Chipotle satisfied ready to seize the afternoon! Oh and did I mentioned their chicken comes from free-range farms and is antibiotics-free.",Moni K.,chipotle-mexican-grill-chicago-29
18,{'ratingValue': 5},2016-06-26,I ate here 4-5 times a week. Obviously not married. Regardless the staff is GREAT!! Very friendly and they will make sure your burrito bowl is stuffed! The bag even ripped once and they replaced it. If you're a regular they will hook you up - make yourself memorable and you'll get some guac for the low.,Gino P.,chipotle-mexican-grill-chicago-29
19,{'ratingValue': 3},2014-08-08,I'm a regular customer here at this location. The food is usually pretty great compared to other ones I have been too in Chicago. They are usually pretty fast unless they have someone new or something. They do have very long lines at times but reasonable considering this is located on the Loyola campus basically.,Michael S.,chipotle-mexican-grill-chicago-29
0,{'ratingValue': 1},2016-05-08,"The staff is not trained whatsoever. Literally waited on the cashier to ring me up for 7 min. I think this location is either understaffed or they just don't have a sense of urgency. By now, they should understand what it's like to work in a fast paced environment.",Telmen B.,chipotle-mexican-grill-chicago-29
1,{'ratingValue': 2},2014-06-01,"I waited in line for what felt like days. Not sure why service was so slow, especially because when I got my burrito home to eat it there was no meat on it. I mean service should be lightning fast if you take that step out?

So thank you for taking 30 minutes of my life, 9 of my dollars, and sending me home with a tasteless, meatless, burrito.",Meredith C.,chipotle-mexican-grill-chicago-29
2,{'ratingValue': 1},2014-07-04,What fast food restaurant closes on the Fourth of July. Especially a company owned by McDonald's. Well you lost a customer here,Bryan C.,chipotle-mexican-grill-chicago-29
3,{'ratingValue': 2},2014-05-23,"I love chipotle and I place online orders all the time..... They get it right about 50% of the time. Frustrating! I don't want to be ""that person"" who opens everything and checks it before we leave the restaurant... Especially at 9 months pregnant, I have to send my poor boyfriend back to get whatever they forgot (usually Guac that I pay extra for).. C'mon guys... It's all spelled out exactly what the order is.. Upside is the people are usually nice. :)",ashleigh KC P.,chipotle-mexican-grill-chicago-29
4,{'ratingValue': 5},2011-06-20,"Dear Chipotle,
I love you.  That is all.  

PS:  No QDoba is not better than you.  

PPS:  Eating your burrito bowl like nachos is my heaven and I will be your witness.",Colleen F.,chipotle-mexican-grill-chicago-29
5,{'ratingValue': 5},2013-01-11,"I ate here so many times as a Loyola student, and not only was the food delicious, but served up fast and by friendly employees. The burritos are my favorite thing to get here.",Tiffany B.,chipotle-mexican-grill-chicago-29
6,{'ratingValue': 3},2013-11-07,"They skimp out on the ingredients often. I always have to tell them to put more. Today, they forgot to put beans in my bowl. And I ordered veggies, and she put in like 3 pieces and handed it down before I had a chance to say I want more. Literally 3 pieces.",Afra K.,chipotle-mexican-grill-chicago-29
7,{'ratingValue': 1},2013-10-08,Horrible customer service. Employees rush customers through the line for no reason. Asked employee politely to SLOW DOWN and communicate with us and she gave us major attitude. Never returning to this location.,Angela D.,chipotle-mexican-grill-chicago-29
8,{'ratingValue': 5},2014-02-20,My husband and I eat here every Friday night. Every single employee I have always encountered has been friendly and helpful. Great customer service!!!,B C.,chipotle-mexican-grill-chicago-29
9,{'ratingValue': 3},2015-09-30,"Skimpy on guacamole. The employees give about half a serving of guacamole here. They purposefully only scoop up a half serving and barely dab it onto your bowl. I don't know why they do that. It pisses me off so much. Just give a FAIR SERVING OF GUACAMOLE! We know it's extra... So give us the correct amount!!!! Jeez, they wanted to charge me for ANOTHER serving of guacamole for a little extra dab from scooper that they did not put on my bowl when they should've. The quality of food at this location is very good! However, the workers are incredibly slow. Most of them don't speak English very well and you have to repeat yourself 2-3 times and almost yell because they don't get what ""sofritas"" or ""no cheese"" means. Sometimes they run out of forks at this location. There's usually lemons in stock for the water but not always. If they hired more workers they'd do much better, especially if they spoke English.",Brooke B.,chipotle-mexican-grill-chicago-29
10,{'ratingValue': 2},2010-07-18,"While I express extreme regret that in the act of writing a review for this place I am, in effect, also admitting to the world that I have consumed food from a Chipotle, and therefore risk losing all of my cred, I have only rely on the feint hope that by giving it a shit review, I can expect to maintain some shred of dignity.

Look, it's a chain restaurant, and chain restaurants--on average--totally suck and are not to be attended without extreme need.  Well, every once in a while one's threshold for ""extreme need"" drops perilously low to be equivalent with what might otherwise be considered ""mild hunger"" combined with ""a strong desire to avoid meal preparation.""

I gave up on the burrito form of food delivery long ago, but if you hook up the burrito bowl and a bag of chips, then dip said chips into the contents of the burrito bowl, alternating with hot salsa, well, you don't do too bad.

Until the next morning when you completely regret your decision.

I still puzzle over why I have eaten here the handful of times that it has actually occurred.  I could have obtained more legitimate Mexican food offerings from many establishments roughly in this same neighborhood for not only less green, but also for fewer units of my soul.  Capitalism kills.

But, uh, anyway, yeah. Guilty as charged.  And I wish it weren't so. 

I also wish Chipotlaway (see South Park) was a real product.",Jesse S.,chipotle-mexican-grill-chicago-29
11,{'ratingValue': 1},2007-10-12,"The chicken tastes strange here versus other locations.

The layout is nice, it is big, and they have a nice sized patio.

Never use the on-line ordering system.  They will tell you its ready, but when you get there it wont be, and then they will forget items off the order in their rush to fill it.

Oh and sidenote, I just docked a star because I just found out their so-called reputation for fresh and healthy burritos have a very nasty secret: 
 
1,179 calories 47 g fat

125 g carbs

2,656 milligrams (mg) sodium

(NURTITIONAL INFO FOR CHICKEN BURRITO)

yikes, folks, what the heck. seriously.",Carolynne M.,chipotle-mexican-grill-chicago-29
12,{'ratingValue': 3},2008-03-12,"This Chipotle gets the job done, I'll give it that much.

Nestled in Roger's Park, where hippies pretend to respect the local history and Loyola students pretend they're not dodging bullets, this is the perfect Chipotle for me to stop at on the way home from work downtown to my home in Evanston. 

Chipotle is a fantastic answer to Taco Bell, and Chipotle has effectively murdered that aging chain with torpedoes of succulent lime rice and depth charges of indestructible rubber tortillas. That would be a much cooler metaphor if these were subway sandwich chains we were talking about, but I don't think I will ever find time to write that review.

The sitting area is huge with high ceilings, and there's a convenient cash station out front, if you're willing to scrape the sleeping crack head off of it.

Now, I go here about .8 times a week. So clearly I enjoy this place. The Chipotle chain in general gets many items right and you can't beat the convenience. 

But for some reason, at this particular location, whenever I get green peppers and onions (the heart of any ""veggie"" selection) I get violent, radioactive, rectum flaying diarrhea.  I can't explain it. I don't know if it's a preservative, cheap vegetables, poor hygiene at the location, or I am getting old and this is just the first in what will become a long line of digestive debacles. Regardless I am absolutely sure through trial and error over the course of many visits that at this particular Chipotle, when I order this particular duo of toppings, my bowels liquefy and threaten to rocket through the ass of my pants.

So, if while ordering your Vegetarian Burrito you can remember to say ""no peppers and onions please... no! I said NO!"" then you should be safe. Though it is worth pointing out, if you've never been to Chipotle before, that not many of the employees speak English or are paid a wage that encourages them to listen, so they often just throw things on your tortillas willy nilly based on the line of your jaw and the cut of your jib. Take it from me- it is worth the added awkwardness to make them restart your order should they even dribble the toxins of this particular container on your meal.",Dan T.,chipotle-mexican-grill-chicago-29
13,{'ratingValue': 4},2009-07-21,"My roommate and I are regulars here. It's disgusting to be quite honest.

No, not the food. The fact that we come here at least once or twice weekly (usually more frequently, but I haven't reached that stage of my addiction where I will openly admit to coming here more often than that). Is it sad that I can tell you that my steak burrito bol will cost $7.02? I swear there must be some crack in their meat, because I frequently go through Chipotle cravings like a mad man. I can also down two burrito bols like no one's business. It's sad, really. Even sadder is that I am eating it as I write this.

Four stars because of this unhealthy addiction. And also because the chips are so salty that they are like eating a bag of salt. I can't believe people actually get them.",Chris M.,chipotle-mexican-grill-chicago-29
14,{'ratingValue': 4},2009-05-14,"Ever notice you can sometimes judge the whiteness of your neo-urban or suburbanite friends by how they pronounce ""Chipotle?"" 

Hey, I can say that, I'm white.

Anyway, came to this Chipotle since I was in the neighborhood for some softball action. The action didn't quite happen because the city forgot to pay its electric bill and they weren't able to turn the lights on - oops!

I've come to this Chipotle a very good number of times before and have always been a fan of this location. Tonight was no exception. I love the spacious outdoor seating. The staff is always moderately friendly and the food is quite tasty.  This is a great place to go, as far as fast food restaurants are concerned.",James E.,chipotle-mexican-grill-chicago-29
15,{'ratingValue': 4},2012-09-13,"After hearing friends rave about this place all year, I finally found myself across the street from one just in time for dinner. The line was long--a good sign, and it moved quickly. I ordered pork tacos with a side of chips and guacamole. It was reasonably priced, quick, and perfectly portioned. The tacos were marvelous, flavorful, and fresh-tasting. The best part was the corn flour tortillas by far--so much better than flour! The guacamole was ok, a bit too smooth for my taste, and it could have used more lime juice. Altogether a pleasant experience, I look forward to returning for a legendary burrito.",Suzanne V.,chipotle-mexican-grill-chicago-29
16,{'ratingValue': 3},2013-06-18,"So, this is a Chipotle. The food is fine and the cost is a-ok. It's the best of the fake Mexican fast food. That being said, some days, you're just going to want Chipotle and this a fine location. Lots of college kids, but the service is always friendly and speedy, even with a long line.",Josh B.,chipotle-mexican-grill-chicago-29
17,{'ratingValue': 4},2011-10-04,"You don't go to Chipotle looking for Mexican food, you go to Chipotle looking for Chipotle!  One of my favorite fast food ""Mexican"" chains, and this one in Rogers Park is definitely the best! The staff is always super friendly and they move quick so the wait is never terribly long (unless of course it is 12pm and all the Loyola students have decided to go there for lunch).  The quality of the food is so fresh and their guacamole is aboslutely delicious!",Joee T.,chipotle-mexican-grill-chicago-29
18,{'ratingValue': 2},2012-07-26,"Chipotle is good in a pinch...is it some place I would reccomend for authentic mexican food...probably not...but I like the idea that the food is fresh! The reason I give 2 stars for this location...there were several items that had run out. And, I had to ask for extra items to compensate for other things...but they begrudginly give it to you...smh! Will I ever visit again...if I need something in a pinch the chicken bowl is good...I will say this I love chipotles guacamole and chips...but this location...the serving tray must not have been the right temp because the guac was turning brown...how do they just let that ride? They could easily be a 3 or even 3.5 stars if they got it together.",Channy F.,chipotle-mexican-grill-chicago-29
19,{'ratingValue': 4},2010-01-13,"A burrito is a sleeping bag for beef.  

This place is wonderous and the staff rocks.  Even during peak hours there has not been an outragous wait.  Keep on servin' up delicous burrito bol greatness.",Drew J.,chipotle-mexican-grill-chicago-29
0,{'ratingValue': 5},2010-04-07,"Yes, my favorite ""Mexican"" joint is a chain.  I might lose my Foodie Card for that, but so be it.  I can't help it, the food is just soo good!

I also like choosing exactly what I want in my huge burrito.  I usually get the carnitas (pork) with salsa verde, cheese, sour cream, and guacamole. (even though the guac is extra, it's really good)

I even like the decor and the music, and the place is bright and clean.",Ed C.,chipotle-mexican-grill-chicago-29
1,{'ratingValue': 4},2008-09-01,"(Grr, lost the whole review from a refresh.  Stupid internet.)

First off, I realize that Chipotle is not real Mexican food.  Once you realize this you can accept it for what it is:  an above average chain restaurant.  Think of it like the Mexican Subway, because as good of a metaphor as I can make.

Pluses:

Right next to Loyola, so close to basically everything worth doing in Rogers Park.
Amazing food/price ratio.  I dare anyone to eat 2 burritos.
Great chips.
Outdoor seating.

Minuses:

The wait can get really long at times.
It's in Roger's Park (boo hiss).
If you want great authentic Mexican, this is not the place to be.
Drinks are overpriced, but there's no shortage of places in the neighborhood if you're getting takeout.",Pyke D.,chipotle-mexican-grill-chicago-29
2,{'ratingValue': 5},2013-10-06,"Fast service, great food (if limited in options). I like the new additions to the menu, such as the quesadillas and the possibility of having beer. My kids love the burrito bowls  --- it's good for the whole family at a very reasonable price. Plus it's pretty healthy.",Reine M.,chipotle-mexican-grill-chicago-29
3,{'ratingValue': 3},2009-01-12,"While I am bummed that Chipotle's prices are going up, I am still willing to pay the extra couple bucks to come here - it beats typical fast food of burgers or pizza.

The staff that works here is friendly and you can tell that they recognize the regulars - my boy always asks for a ""tiny little bit of the hot sauce"" and they know just how much is appropriate.

Parking here can be tough, but it's a quick detour off of the Loyola Red Line stop to pick up a fast and filling dinner!",Christine P.,chipotle-mexican-grill-chicago-29
4,{'ratingValue': 2},2008-06-18,"That's right, bitches!  It's a grill!  aye mami.  

I remember when they opened a Chipotle in my college town, which shall remain nameless.  It seemed really a step-up.  I mean, three different kinds of salsa?!  Totally!",John R.,chipotle-mexican-grill-chicago-29
5,{'ratingValue': 4},2007-09-12,"This location has lots of outdoor seating, perfect for studying while the weather is nice. 

Typical Chipotle fare.  Rumor has it that they give free food to Loyola students one day per semester if they show ID.  Friendly service.  Music seems louder than in other locations.",Tracy K.,chipotle-mexican-grill-chicago-29
6,{'ratingValue': 3},2010-01-12,"I had soft taco steak today  and it was just OK. Steak was not very good, it was bloody (yuck), chicken looked better but I didn't want to make a big fuss. I had some of chicken burrito from my hubby and it was pretty good.
The staff is nice, place is clean, food is good (except that bloody steak yuck).",Elizabeth F.,chipotle-mexican-grill-chicago-29
7,{'ratingValue': 3},2014-10-10,I love Chipotle but the lines at this location are always long and slow.  It's 3:40  on a weekday and there are at least 20 people in line.  The line is nearly to the door. I don't want a burrito that bad.,Kris C.,chipotle-mexican-grill-chicago-29
8,{'ratingValue': 5},2011-06-28,Great service. Always fresh. Love the food. Can't do wrong. Outside seating is great for people watching! Always offers LUC discounts when school is in sesh.,Ade Z.,chipotle-mexican-grill-chicago-29
9,{'ratingValue': 3},2014-05-02,"It's Chipotle.  Reliable and consistent, but have run into issues here with several items always being out - having to wait, and then being rushed to get out of line. I understand your busy, but when you see us come in all the time and hardly acknowledge us - it does erk me.",Chris M.,chipotle-mexican-grill-chicago-29
10,{'ratingValue': 5},2014-01-14,"Love this Chipotle! It's a block from the beach, which means it's great for picnics. The staff is super efficient even though the lines tend to stretch - it's a popular location for Loyola University students.",E P.,chipotle-mexican-grill-chicago-29
11,{'ratingValue': 5},2011-03-18,"Fast food that isn't too unhealthy, too expensive, and the line is usually short.  And, it is less than a block from my condo.  Win!",Sarah J.,chipotle-mexican-grill-chicago-29
12,{'ratingValue': 4},2007-12-20,"""Chipotle. Whats a Chipotle?"" Yup thats what I thought during my years at Loyola. I never went over there because I was too lazy to try and see what it was. Until two months before my last semester at Loyola. Why, did I wait so long?!  I've been addicted since then. This Chipotle is one of the cleanest I have ever been in. AND there is no food mixing with other food as I have seen in other Chipotles, cause thats just gross. I don't want any corn in my guacamole. Disgusting...I digress.  This location is the bees knees. Also, you can get a margarita  or a Corona from Chipotle. Its a lovely diversion between classes I quickly realized, but I also quickly realized you should limit them to two.",Dallas F.,chipotle-mexican-grill-chicago-29
13,{'ratingValue': 4},2008-11-10,There's not too much to add about Chipotle. I feel like I see them everywhere in Chicago. After being here for awhile I finally went to this Chipotle since Its close to me and I had a guacamole craving. I have to admit its the best of fast food mexican. This chipotle is nice and pretty big and there is outdoor seating. There was no line and the service was friendly =D,Desiree G.,chipotle-mexican-grill-chicago-29
14,{'ratingValue': 4},2010-01-13,"There is nothing bad that anyone can say about a burrito as big as your head. Furthermore, being able to choose what you want in your ""head sized"" burrito from a various amount of mexican goodness only makes Chipotle THE actual place to go to for a quick fix when you want something tasty.",Morgan M.,chipotle-mexican-grill-chicago-29
15,{'ratingValue': 5},2007-12-06,"i come here when i get sick of buying snack food from the rambler room or the damen express (loyola students know what i'm talking about). 
i always order the burrito bowl and i'm never disappointed. 
i don't expect much because this is a fast food joint so the 5 stars are for the yummy burrito bowls.  the service is pretty fast and it's close enough to school where i can eat and run.",joanne y.,chipotle-mexican-grill-chicago-29
16,{'ratingValue': 4},2008-08-03,"Yeah, it's a chain.  I don't give a rip.  Probably my favorite fast food chain and it's 500 feet from my apt.  Most mexican burritos go through me like greased lightning.  This is never the case at Chipotle.  My toilet approves.",Brian E.,chipotle-mexican-grill-chicago-29
17,{'ratingValue': 4},2013-03-12,"I am a student at Loyola University. I can see the Chipotle from my dorm room window which results in constant cravings. Every time I leave it is with a full stomach and a smile. The food is always great and the service is the same. I always get a burrito with every topping possible, making it a challenge to eat, but it is always well worth it. The only complaint I have had since I've started frequently visiting this Chipotle is that, around 7 o'clock when they get their dinner rush, they tend to be low or completely out of my favorite toppings by the time I reach the front of the line. So I would recommend showing up a bit earlier to beat the rush. Other than that I would highly recommend this Chipotle to anyone!",Tara C.,chipotle-mexican-grill-chicago-29
18,{'ratingValue': 5},2009-05-30,"I don't care what anyone says about Chipotle, I love this place. As gross as it may sound, I once did what I called the ""Chipotle Challenge"" which consisted of eating 2 burritos and 3 tacos with a side of chips and a cup of water because I love it so much. This one especially is really clean, friendly and fast. Mostly college students in there and the staff is awesome. If you go in frequently, they start to remember what you order and sometimes only charge you for a bag of chips. I once got hooked up with 2 free burritos so I invited the guy at the register to a party I threw and he actually showed up. Thats how awesome this Chipotle is.",Chris J.,chipotle-mexican-grill-chicago-29
19,{'ratingValue': 4},2010-04-26,"Dependable and delicious. Authentic? Perhaps not, but the food quality is high and everything we've tried tastes delicious. The staff is always friendly and they've never screwed up an order. Glad to have them in the neighborhood.",Al I.,chipotle-mexican-grill-chicago-29
0,{'ratingValue': 5},2010-08-29,"Thankfully there is a Chipotle in my new neighborhood! And the food is consistent with what I ate in Northern California. The staff is not as cheerful as what I am used to, but that is a social aspect of Chicago. The hot sauce rocks and I will be a regular over the next 3 or so years before returning to N. CA.",C M.,chipotle-mexican-grill-chicago-29
1,{'ratingValue': 4},2009-09-11,"So who in their right gets excited about going to chipotle at 7 o'clock on a Thursday to have a beer? Graduate students. Sad but true. After a particularly long day of classes, some of my fellow students and I desperately needed to unwind. Enter chipotle. Not only was I craving one of their burrito bols (who isn't?), but we all decided we needed a drink. Now, normal people would have gone to a bar. Or like a bar grill. But, we went to chipotle. And drank in their ""beer garden"" . . . which is really just a patio on Sheridan Ave. It was pretty awesome, I'm not going to lie.",Ali O.,chipotle-mexican-grill-chicago-29
2,{'ratingValue': 5},2010-08-02,The staff is friendly and efficient and the veggie burritos are always up to par.  I have to go out of my way to avoid passing by it so I won't buy a burrito every day!,Bailey A.,chipotle-mexican-grill-chicago-29
3,{'ratingValue': 1},2011-03-04,"Worst service!!!  Food under-cooked, overcooked, they don't care.  Pile on the rice, cheat you on the guac, pack everything at one end of the burrito or the other,  tear the tortilla up, put the wrong ingredients on as your telling them what you want, walk away from the first and last stations and just leave everyone standing there,and of course, they can't move the customers through, so the line is out the door even when they aren't busy.",Lisa S.,chipotle-mexican-grill-chicago-29
4,{'ratingValue': 3},2009-01-08,"Well, this Chipotle tastes like any other Chipotle I've been to, so the ingredients are fresh tasting and of good quality. The burristas (burrito artists!) wrap my burrito great each time and usually don't skimp on any of my favorite toppings. It's also close to Loyola, but be warned, these bad boys pack quite a few calories and if you add guacamole (any sane person will) you will likely be spending around 8 dollars. Otherwise, Chipotle is always a treat!",Ian G.,chipotle-mexican-grill-chicago-29
5,{'ratingValue': 5},2008-06-26,"I am a big fan of Chipotle. This one is just like every other one on earth. The people who work their are nice. When it gets busy they work fast but don't rush/yell at you. Not the cheapest fast food place, but I can only eat so much Subway/McDonald's.",Tom A.,chipotle-mexican-grill-chicago-29
6,{'ratingValue': 4},2011-05-19,your typical chipotle except they serve alcohol on occasion.,Philly G.,chipotle-mexican-grill-chicago-29
7,{'ratingValue': 3},2011-08-04,"I really love Chipotle. When I lived in MN I would go there at least twice a week. This location, however leaves something to be desired. First off, the rice here is weird. It is consistently just a little bit mushy compared to the rice at other Chipotles I've been to. Second, I have yet to have a burrito wrapped here that did not have either a big tear in it, or be wrapped in such a way that it falls apart when you eat it. Now normally I chock this up to the person wrapping the burrito being new, or just one out of every 10 burritos falls apart or something, but I have been to this location at least 10 times, and if my husband and I both order a burrito, they will both have holes in them or not be wrapped properly . This location is really close to where I live, and I love being able to walk there, however after getting yet another burrito with a big hole in it yesterday, it might be worth the drive out to the burbs to get my chipotle from now on.",Ruth J.,chipotle-mexican-grill-chicago-29
8,{'ratingValue': 3},2008-01-06,"What can I say, I'm a fan of the burrito. I first became a fan after getting some free burrito passes in some gift bags and now I have to say I'm a little addicted! I did move on and try some other things and now my mainstay is the hard shell taco's. You get 4, so if you don't want to grub you can hand over two to the husband. I also am a fan of their chips and (mild) salsa. This location is nice because it's next to the movie theater. I'm always up for dinner and a movie.",Melissa M.,chipotle-mexican-grill-chicago-29
9,{'ratingValue': 5},2010-10-02,Best fast food place in Rogers Park. Staff is always freindly and I always get more food for my money. Plus it's all organic meats and grass feed! Love it:),Brittney E.,chipotle-mexican-grill-chicago-29
10,{'ratingValue': 4},2010-09-07,damn you MCDONALD'S how the hell did you get the Barbacoa SO RIGHT?!?!? You only flaw is you use flour tortilla's hate to admit that the barbacoa is always on point! when I'm heading home I get the taco special and then go home and put them on corn tortillas so much tastier that way.,Judy U.,chipotle-mexican-grill-chicago-29
11,{'ratingValue': 4},2010-04-07,I love this location!! The staff are so fast. Its amazing how quickly they can get so many people in and out during a huge rush! I always feel like I get my money's worth and I am never dissapointed! Rock On Sheridan Chipotle staff!,Damon R.,chipotle-mexican-grill-chicago-29
12,{'ratingValue': 2},2009-04-04,"The food is good, but the prices are outrageous and keep going up! The price for  guacamole and chips is ridiculous! I would go here more often if the prices were more reasonable.",Dianna X.,chipotle-mexican-grill-chicago-29
13,{'ratingValue': 4},2009-01-15,"not much to say other than when I'm hungry, this place feeds me. sometimes. other times I just can't spare $7 on a burrito.",Mary C.,chipotle-mexican-grill-chicago-29
14,{'ratingValue': 4},2008-01-05,"so happy when this Chipotle location opened so close to my house - it was even in walking distance.  If you have never been to a Chipotle - Go!  This particular location is nice because it has a large indoor and outdoor eating area.  I've had consistently good burritos, tacos, guacamole and the like at this Chipotle without having to wait in line too long - I've been to some Chipotles with excessively long waits.  Their speciality is burritos and they typically include a large flour tortilla, beans (or fajita fixins), rice, your choice of meat (that is spicy but not too spicy), your choice of salsa (all fresh) and cheese and sour cream.  My favorite thing about Chipotle that is different from other Mexican places is the lime cilantro rice.  In addition, it's kind of like Subway where they make it fresh in front of you, so you can really customize what you want.  You can get a big filling meal here for under 6 bucks, but there is not a lot of variety to the menu.  It's a great place that is part of a larger chain, but doesn't feel too chain-like.",C P.,chipotle-mexican-grill-chicago-29
