,reviewRating,datePublished,description,author,alias
0,{'ratingValue': 5},2019-10-17,"I've been meat free for 4 months so last week I took a cheat day from my meat free diet & went all out!  Iyanze made my cheat day so fxxxxxx wonderful.  Absolutely love this place ! I got Ofada rice with ayamashe(Spicy mixed meat) dodo and fried chicken. Everyone must try this dish before they leave this LIFE o ! My friend got a rice combo and meat pie w fried chicken seriously demolished her plate lol. I cannot stay away from this place too long. Just great food, staff and atmosphere in my opinion. 
My only fake complaint is the prices 
However, AUTHENTIC MEAT isn't cheap so I completely understand. Will be breaking my meat fast again at another restaurant and surly will write a my second review.",Reemy H.,iyanze-restaurant-bar-and-cafe-chicago-2
1,{'ratingValue': 3},2019-10-07,"The portion of the meat is poor. This restaurant has a nasty stinky smell so order out.
I ordered goat with Jollof rice.
The rice is good but the goat meat was horrible and had a foul smell like it was rotten!!! This place needs inspection to make sure the sanitary methods are being adhered to or atleast the meat quality meats it's standards. I love goat meat and never have I ever eaten it with such a foul smell!!!! This is unacceptable",Verushka P.,iyanze-restaurant-bar-and-cafe-chicago-2
2,{'ratingValue': 4},2018-10-03,"Best Day to Experience West African Food and Culture is October 1st!  Nigerian Independence Day.  What a passionate vocal performance.

If Oct 1, falls on a weekday, celebration is the weekend before.  When in doubt, CALL!

Good to experience West African food once in your life.   I leave the appreciating & discriminating palette to Andrew Zimmern. Guestimating, dishes are usually made with tomato, onions and chili *without* any garlic or ginger to drown the way-of-life of an ingredient.  

2 visits in 10 years:  (1) FUFU was alright that didn't hit the spot, (2) Huge SNAIL STEW was too hard, and earthy for my taste. JOLLOF RICE has somebody's liver in it.  CONCLUSION:  I have serious issues with after-taste.  :-(",Belle L.,iyanze-restaurant-bar-and-cafe-chicago-2
3,{'ratingValue': 2},2019-04-18,"This was my second time visiting this restaurant.  Both visits, I stood in line for 20 mins before I could order my food.  There was only one girl working the front. The gentleman who was ahead of me ordering took forever...asking a bunch of questions while placing a huge order. No one came out to assist the young lady while there was a line. No one there knows how to multi task!  I ordered the yam porridge, plantains & chicken. 
It was just ok. Chicken was cold.  The meal wasn't worth the paid parking, standing in line for 20 mins or the price point.",Joanne I.,iyanze-restaurant-bar-and-cafe-chicago-2
4,{'ratingValue': 4},2019-03-22,"The food is good. I'm a pescatarian so I got the ""$10 holla"". My meal came with fried fish( which is fried and then stewed), half jollof and half mashed beans (which were mashed black eyed peas). This was my first time eating in the space. Previously we've ordered pick up. But I really never have an issue with this place.

It's never packed in here but it seems like a lot of the reviews have an issue with the service. Like a few really food places in Chicago, while it might suck, sometimes ordering pick up/delivery is the best way to enjoy your meal. Definitely worth the try.",Victoria J.,iyanze-restaurant-bar-and-cafe-chicago-2
5,{'ratingValue': 1},2019-03-05,"Terrible food and service. Went the other day and one of the men that worked there literally told a woman that complained about the food that she was worthless. This was literally after making my purchase. Shortly after, I held the same sentiments as her as the egusi soup tasted spoiled and the meat wasn't fresh. Not only is the staff disrespectful and slow, but the food is also terrible. If I could give them zero stars I would. Would not recommend, and I'm curious as to the quality of their kitchen after tasting their food. Don't be fooled by friends of the business leaving quality reviews, because it's insincere, instead heed the reviews of those that are in no way affiliated with this place.",Andre M.,iyanze-restaurant-bar-and-cafe-chicago-2
6,{'ratingValue': 4},2018-06-29,"Love the food here but the service is a bit off. Also the frequent customers or customers in general are fairly rude and cut the line often. 

It took us at least half an hour to get to us to order food. The food was all behind the counter so patrons got picky asking for this and piece or that piece within the order.",Amy T.,iyanze-restaurant-bar-and-cafe-chicago-2
7,{'ratingValue': 4},2017-04-27,"I really enjoyed the food (well most of it). I had fish soup and chicken soup with fufu and Obe egusi. I didn't care for the chicken, the texture was to tuff. However my Nigerian friend insured me  that's​ how it should be. I decided to try out this restaurant because I saw pictures of the scenery, I thought it was lovely. However the place seemed as if it was being remodeled or something and there were dirty dishes left on several tables and a ladder by the door. I would order for take out. 

P.s Im still looking for a good Nigerian restaurant.",Ashton S.,iyanze-restaurant-bar-and-cafe-chicago-2
8,{'ratingValue': 4},2019-03-07,An excellent place for Nigerian food on the go! They offer a variety of Nigerian staples.,Erica G.,iyanze-restaurant-bar-and-cafe-chicago-2
9,{'ratingValue': 3},2018-11-05,"I finally decided to try Iyanze the other day when I was working from home. I pass by all the time but I had heard differing reports about their food and service. I've been talking to a Nigerian friend about trying more African food and she gave me some feedback about Iyanze before I ate their. She told me it's like an African street food place and they don't talk with you about the food. They expect you to go in and just point or say what you want or ask a question if you have one. She said it comes off as rude to Americans who are used to a different type of customer service. She also told me that while this place has a mix of foods from different places in Africa, the Nigerian food wasn't the best. Despite this I still decided to try the jollof rice, okra soup with fufu, and moi moi. The rice was just okay but I really liked the moi moi. The okra soup was bland and my friend told me they make it different than you'd find in Nigeria. The service was a little awkward because I ordered from the Ritual app and they are supposed to just have the bag waiting by the Ritual sign so you don't have to wait. I had to wait for the guy in line and then the server made my order. I'll go back and try some other foods but I understand why some other people weren't very fond of this place.",Dustin G.,iyanze-restaurant-bar-and-cafe-chicago-2
10,{'ratingValue': 4},2019-07-08,Iyanze makes sumptuous Nigerian meals. The ofada rice with ayamashe is the best thing I've eaten so far. I really hope they clean up the spot every now and then. Employ custodians if need be.,E A.,iyanze-restaurant-bar-and-cafe-chicago-2
11,{'ratingValue': 5},2018-09-22,"must try!!! i've been hooked since day 1.... 
worth the drive and every penny
full of flavor!!!!",Yatta W.,iyanze-restaurant-bar-and-cafe-chicago-2
12,{'ratingValue': 4},2018-02-01,"Truly African cuisine . After I rode with a van driver this morning and discussing fufu, I had a taste for real African food. I have passed this restaurant almost daily on the #36 bus, I had never been here. Today was the day. It is a place for well spiced food. I had the spinach soup stacked high with 3 kinds of meat. There was a loaf of fufu with it to dip in the soup once I had devoured all the meat, was what I came for. I had utensils but this food is made for fingers. It was not curry hot but very peppery. My meats were goat, fish and chicken. What a combination. It was not too expensive and the only non African item was that instead of a finger bowl they gave me napkins. That was fine with me.",Patrick J.,iyanze-restaurant-bar-and-cafe-chicago-2
13,{'ratingValue': 1},2017-09-06,"I will never return to that rude ran no customer service having restaurant again. You instructed me to call ahead for peanut soup and I did and they flat out said No we don't have to it. Ok that's cool, I won't spend my money there. Smh 
I only gave one star so that I could continue with the prompt. I'm good.",Jocelyn W.,iyanze-restaurant-bar-and-cafe-chicago-2
14,{'ratingValue': 4},2018-07-29,I don't get a chance to come here often because it's not close to where I live. Whenever I am here it's always a treat. I love the Ayamashe and jellof rice. It's a pretty spaceous place. If you're looking for some authentic African cuisine this place is it!,Nancy S.,iyanze-restaurant-bar-and-cafe-chicago-2
15,{'ratingValue': 4},2017-08-23,"Been a customer for years. Been bringing people with me to try this place for years. Been ordering the same two dishes (egusi and jollof) for years. 

As a Nigerian woman, I can summarize this place in one sentence: ""Nigerian women serving Nigerian food with the Nigerian version of customer service.""

The food is spicy, heavy on the Palm Oil, closest to authentic besides home cooked, and in all honesty, worth the attitude that the cashiers give you. Take it or leave it.

They lose a star because their prices fluctuate, from visit to visit. One day you may $9 for a dish that will cost you $13 the next time you return. That same exact dish may cost $7 for the cabbie behind you.",Ndidi B.,iyanze-restaurant-bar-and-cafe-chicago-2
16,{'ratingValue': 1},2019-01-02,"I don't know how this place stays in business, the food is horrible every time I've came and I've given this place a chance for over 10 years. It's a buffet style restaurant my food was cold. And the waitress had not cleaned the plates from previous customers, Dirty dishes were all over many of the tables. I ordered fu-fu and spinach stew,I was not offered a bowl of water to wash my hands. my meal was $14.95 The turkey meat that I ordered was old it was not fresh you can taste how old it was.",Vital E.,iyanze-restaurant-bar-and-cafe-chicago-2
17,{'ratingValue': 4},2018-07-05,"Most of the reviews here are very true. Couple things right off the bat: 1. the service is not great. You'll probably have to wait a bit and it might feel like you're been ignored. 2. The meat is tough but this is true African style in most cases. Overall, the food is delicious and that's what keeps me coming back. Recommendation: 1. try a bit of everything and you're sure to find something that's absolutely amazing and keeps you coming back (and dealing with the service). 2. If you're ever sick, with a cold/flu, you must come here for the pepper soup. it clears you right up :-)",Oluwaseyi A.,iyanze-restaurant-bar-and-cafe-chicago-2
18,{'ratingValue': 5},2018-04-13,My favorite place to eat! The restaurant has a very friendly staff and the food is always delicious. Not far from downtown and they are open late!,Sarah R.,iyanze-restaurant-bar-and-cafe-chicago-2
19,{'ratingValue': 1},2016-10-04,"This happened to me several times, and I decided to post it because I had enough! The ladies serving the food have the worst attitude EVER! It seems like they are forced to work there. If it was only one time experience I could understand, but for more than 8 months..seriously?

They will make ""faces"" when you say something, ignore you when you are talking (seriously..just walk away) and ""roll"" their eyes. 

Also, they have been checking ID's when you purchase with credit cards (that's perfectly fine!) , but they write down the number on their receipt... In my case, license number. ( I am not comfortable with that..) I asked them why, and she started to laugh and ""rolled her eyes"".

Food: Food is not bad, I actually like it; however, I had better African food. In terms of NFood and Service, I would recommend Iyanze Bolat ( Broadway ).",Ah B.,iyanze-restaurant-bar-and-cafe-chicago-2
0,{'ratingValue': 1},2017-07-11,"As per the comments below, service is a disaster with this establishment. I've been a few times and sadly been sick twice from the food (which is left to sit out for hours). Wouldn't recommend this dining experience to anyone! Especially if you're not used to being verbally abused as you order a meal.
For some reason, it's like ""they"" see these reviews and neglect working on the problems that customers point out. Don't bother with this establishment, you're better off at Popeyes.",Linda L.,iyanze-restaurant-bar-and-cafe-chicago-2
1,{'ratingValue': 1},2017-05-10,I'm from Nigeria and can tell you that we do not serve dry meat that sits in vats all day. I also grow vegetables in the community garden next to the alley behind their restaurant and have witnessed them dumping their grease in the alley MULTIPLE times. It's a vile and putrid smell. They have yet to clean up their mess. It clogs the sewers and brings their grease and animal carcass chunks to our garden plot. This restaurant should be shut down for filthy business practices. The staff and owners are rude and their food is an insult to the Nigerian culture.,Aisosa O.,iyanze-restaurant-bar-and-cafe-chicago-2
2,{'ratingValue': 1},2016-05-15,"I'm am totally disgusted  I ordered three different kind of dishes goat , rice , and spinach to go, I got home opened my good started to plate my food and found a long brown hair on the spinach  I couldn't believe my eyes so I ended up throwing everything out coz I didn't knw what I was going to fine next this is disgusting . The ladies dishing the food are not even wearing head net with all that fake have hair they have on I wish they would at lest put a hat on . I will never ever order from is this place again .*EAT AT YOUR OWN RISK **",Hailey S.,iyanze-restaurant-bar-and-cafe-chicago-2
3,{'ratingValue': 3},2017-11-18,"As long as you don't order any meat you'll be happy. Their sides and soups are usually  delicious - but spicy. But their meat is always rock hard and inedible. And its unclear what things costs & how pricing works.  
I like their spinach side and egusi soup. It's worth a try.",Ari C.,iyanze-restaurant-bar-and-cafe-chicago-2
4,{'ratingValue': 4},2016-06-03,"When you step into this Bolat, I hope you're ready for an authentic Nigerian experience, right down to the reality that you should order what you see in front of you. Just because some thing is on the menu, doesn't it mean it's available. It also might not available the next time you're there.  

That being said, as a Nigerian, I can say the ambience is unpretentious and the food is good. While the Bolat Lakeview is definitely one you take your date to or someone you're tying to impress; this is the one you take your close friends and/or spouse/long-term SO because you shouldn't be trying to impress anyone in here. 

The food is good though and you can expect large portions. I also recommend wearing loose-fitting clothes because you'll likely eat more than you can handle. Maybe bring a handkerchief too because the food will make you sweat. (LMAO) Classic Naija food, it's work to make it, and work to eat it!",Kovie B.,iyanze-restaurant-bar-and-cafe-chicago-2
5,{'ratingValue': 1},2014-06-28,"Terrible food, let's be honest. The plantains were dry, the chicken I got was all fat and bones, zero meat (and judging by my peers, we were all in the same boat), and even the sauces were spicy (good) but tasteless (not so good).

I RECOMMEND: the fufu. They didn't mess that up but I don't know what sauce you'll have with it 

EXTRA TIPS: lots of tv screens so good spot to catch a game",Cla S.,iyanze-restaurant-bar-and-cafe-chicago-2
6,{'ratingValue': 5},2017-04-12,"I came in for lunch not quite knowing what you expect. I ordered the fried chicken, the plantains,and the beans. First the chicken was amazing. This greet zesty sauce on the outside was delicious. And great flavor and texture. My lunch including a Coca-Cola was less than $10. Happy camper",Steve L.,iyanze-restaurant-bar-and-cafe-chicago-2
7,{'ratingValue': 3},2017-09-20,"Not as spicy as traditional African food more Americanized but it's still good and quite tasty, you get your money's worth great ambiance and great drinks, friendly staff. I enjoyed my experience there, I ordered food to go they were patient with my particular pallet i didn't feel rush they even help me customize my order based on what i liked to eat. I was pleased #happycustomer",Amber N.,iyanze-restaurant-bar-and-cafe-chicago-2
8,{'ratingValue': 1},2015-09-22,"I will start of by saying then when this place *does* accept your order - which is rare - their peanut soup and fufu combo is amazing. However, twice now, ordering through Eat24, Iyanze has declined my order: 1st time they said they couldn't make the peanut soup, because the lady who makes it is not there, 2nd time, after I spent 30 extra minutes driving there for pickup, they said they never got the order and then *declined* to take my order in person (2x peanut soup, 2x fufu, 1x jollof rice, 1x goat meat). All within two months. 

Seriously? Don't have this on your menu if you cannot make the order. They two workers who were there yesterday didn't even ask what was on my order, they just said they can't/won't make it. 

I won't be going back. I've met the owner of Iyanze / Bolat - he's a friend of my ex's - that time he insisted on going into the kitchen and putting in the order for peanut soup, himself. This place needs a new staff, because typically their food is good - with the exception of the goat meat which is mostly bone and fat and only some meat. One star for bad service, rude staff, and 'no' food.",Klud L.,iyanze-restaurant-bar-and-cafe-chicago-2
9,{'ratingValue': 3},2014-07-21,"Came to this place on a random Sunday with a few of my friends. Well one of my girlfriends is Nigerian and forced us to come to be real clear! I really didn't want to eat Nigerian food because i was  craving Iranian or something besides that but i took one for the team.

When we got here the place was pretty much empty and i was thinking that we would get our food pretty fast. WRONG!!  It took them a while to get the food and sit down. 

I didn't order anything because before we came here, we had drinks and chips at uncle julios (the review on that place is coming; thou shall not worry)! I pretty much ate of all my friends dishes and i was very satisfied! The fufu and pepper soup was amazing and the people that work here were very nice! 

The only reason this place is getting a 3 star is because the wait time was pretty much ridiculous and the chicken was WAY too tough. If you are looking for some decent Nigerian food this place is not bad. I know i will be back for some fufu and pepper soup.",Naomi L.,iyanze-restaurant-bar-and-cafe-chicago-2
10,{'ratingValue': 4},2014-02-01,"I'm a huge fan of their ox tail, as it is tender and falls right off the bone - it has a nice thick sauce and is great with the rice.  I did try other items on their menu, such as the Spicy Chicken skewers and lamb over Jollaf rice.  I wasn't a fan of these items, but I highly recommend in getting their oxtail specialty.  Make sure you call beforehand since they usually run out!

+ox tail specialty entree",Hannah H.,iyanze-restaurant-bar-and-cafe-chicago-2
11,{'ratingValue': 4},2015-09-19,"Good amazing especially the jollof rice !
Service, girls have no idea about customer service but I will go back for the food... Cow foot was a little tough but loved the fish and goat meat with jollof rice",Samantha N.,iyanze-restaurant-bar-and-cafe-chicago-2
12,{'ratingValue': 3},2017-01-07,"Business is temporarily (though possibly permanently) closed due in part to noise and hours of operation complaints, with the local Alderman stepping in after a shooting at the store front that left two men (who were shooting at each other) dead inside: https://www.dnainfo.com/chicago/20170104/uptown/iyanze-closed-double-homicide-shooting-police-cappleman",Nate J.,iyanze-restaurant-bar-and-cafe-chicago-2
13,{'ratingValue': 4},2017-09-17,jolaf rice is nice and smoky really soaks up all the stews and spices. the crackheads outside add to the charm,Mike C.,iyanze-restaurant-bar-and-cafe-chicago-2
14,{'ratingValue': 1},2013-11-23,"I have lived in Chicago for 4 years now and have refrained from creating a yelp account...that is, until I ate at Iyanze. 

I will cut to the chase and say that BOTH my boyfriend and I have terrible food poisoning. Vomiting, diarrhea, etc. I will attempt to contact Chicago food safety in the morning. 
 
As for the restaurant, it is completely overpriced. Not only was the food cafeteria style, it was cafeteria taste. Dry, burnt meat. My boyfriend and I ate different food, but both were dry and burnt. 

Now, for the service. She was rude and short with us. We wanted to order the jerk chicken. She told us that we couldn't have it. Fried rice? Nope. So once we finally were able to order what they actually had/she wanted us to order, as I mentioned, it was less than impressive. Also, they were out of silverware and napkins.

 It was 6:00pm on a Friday night and they certainly weren't busy. That should have been a red flag.  

There it is. My first scathing review and hopefully my last. $35 and a lot of pepto bismol later, I have learned my lesson!",Chelsey L.,iyanze-restaurant-bar-and-cafe-chicago-2
15,{'ratingValue': 1},2016-02-13,"Terrible experience!!!

This place is incredibly disorganized and not equipped to serve customers! All of the reviews I read about terrible customer service are true. They were out of every item that I ordered: jerk chicken, peanut soup, plantains, and coconut rice. Instead they gave me a plate of rice and beans and charged me $15. I cannot imagine this place will be in business much longer.",Amy R.,iyanze-restaurant-bar-and-cafe-chicago-2
16,{'ratingValue': 2},2013-11-02,"I found my way to Iyanze looking to take my 'hot date' to a place neither of us had been before. Luckily, we've been together nearly 3 years or I think I dont think it would have worked out, strictly based on my choice of this place.

We walked in around 7 on a Friday evening, the place had about a couple in front us in the buffet line, so we waited patiently while the woman behind the counter socialized with them. When it was our turn we told her we had the Groupon (which we had read on the sign required reservations, but the place was empty and the Groupon said the reservations were recommended). 

I know Groupons are annoying for restaurants, especially random staff members who dont necessarily know the ins and outs of them. But I have mixed feelings about that, since restaurants opt into them. If its too much hassle - don't offer them. The point is to get me back in your establishment paying full price, and that will never happen at Iyanze since my experience was so bad. Which, of course, started with the attitude and eye roll and soon as I mentioned the Groupon. But I digress, let me tell you about the actual experience...

We found seats and one of the staff members came over and told us he would bring us pop (even though the Groupon clearly states its a should be a real drink) and meat pies - its a good thing I wanted a meat pie since I was supposed to choose my  appetizer. The meat pie was probably the best thing I had in the evening, even though mine was pretty burnt, my ""still date"" must have had one that came out earlier because it was cooked to perfection. 

We got our entrees - which were supposed to be simple meat and rice dishes. We ordered the goat, which ended up being one piece of ENTIRELY overcooked meat - tough, charcoal tasting, hard, you name it an the chicken, which was a leg that was about 75% skin, leaving literally less than 2 inches of meat. Both were swimming in a decently flavored sauce that tasted fine (but not great) with the giant plates of orange rice we got with the meat. 

I'm only leaving 2 stars (as opposed to 1) because I'm assuming that these aren't the meat serving sizes when you order normally. Although, personally, even if it was more meat, it would need to be higher quality and cooked differently if it were to actually change my rating.",Ray E.,iyanze-restaurant-bar-and-cafe-chicago-2
17,{'ratingValue': 4},2014-07-14,"This place is legit, I tried the jerk chicken and rice with red beans during the Chicago Taste. This experience has definitely impressed me enough to go check out the restaurant. The chicken is boneless, , perfect seasoning, very tender and grilled to perfection. spicy enough with a good kick. The rice is moist and the bean is very good!! There is another establishment at the taste that had rice and jerk chicken, it's Belize food, not nearly as good. This place was the winner.",Victoria W.,iyanze-restaurant-bar-and-cafe-chicago-2
18,{'ratingValue': 1},2014-03-19,"First, I was never able to use my Groupon - so this one star is not about the food because I didn't get a chance to try it. Its the horrible customer service and bad attitude.

I have tried to go to this place 3 times in the past month and each time there is something that gets in the way. A few weeks ago, I went there on a Sunday and was told that I can't use this Groupon on Sundays. It doesn't mention that in the Fine Print at all. Then a couple of weeks ago, I called on a Tuesday to make sure I can come that day for dinner, and was told that ""the lady who handles the Groupons is not in today"" - Really? I asked her if there was anyone else there just to accept my groupon and tap a button on my phone to Redeem it and she said ""No, the lady is not in"". Then I called yesterday before it expires, same thing - she says the lady is not in and asks for me to come today between 1-4pm. I'm at work and can't do that. I told her how utterly ridiculous this was. I don't want to waste my time anymore.  

I don't wanna pay that high of a price for food that I've never had before and the reviews here are mixed so I'll pass.",Raji A.,iyanze-restaurant-bar-and-cafe-chicago-2
19,{'ratingValue': 1},2016-10-18,"Very bad attitudes from the workers! No smiles, customer service suck! They do not acknowledge you when you walk in the door, the stew isn't good quality anymore.",Honest T.,iyanze-restaurant-bar-and-cafe-chicago-2
0,{'ratingValue': 2},2015-06-02,"Sorry, just not too impressed, which stinks because this elegant-looking place is just a block away.  We had the entire restaurant to ourselves -- on a Saturday night! -- which is really such a poor sign. I was rather shocked with the cafeteria-style setup, but rolled with it.  I picked the goat-meat,  which came out on the bone and oh-so-tough.  My friend got the stewed goat, a decidedly better choice. The fufu (cassava) and plantains were pretty good, but I couldn't get over the fact I paid $15 for some rice, fufu, and inedible meat.",Alex L.,iyanze-restaurant-bar-and-cafe-chicago-2
1,{'ratingValue': 1},2015-03-18,"Terrible service  . The woman who prepared our to go order  had an attitude.  As for the food, the goat meat was all bones and fat. The jalof rice tasted like it was from the night before and was greasy .  It's so sad that they don't give a damn about customer service.  I have zero tolerance for such a place and will not go back.",Tlafi K.,iyanze-restaurant-bar-and-cafe-chicago-2
2,{'ratingValue': 5},2016-04-30,I Love Nigerian food my other place closed down so I tried this place yesterday since it was the only one open at 4pm nearby. I had the biggest craving for moi moi and when I tell you this is the best moi moi I ever had! I ordered 4 I was asked if I wanted them all heated I told one of the ladies I only needed two heated (two cold to save for later) they were separated and put into separate containers. I also ordered Joloff rice and tilapia now I got a nice sized serving on the rice maybe a little too much but the tilapia they were really small pieces but the whole plate was tasty I might I was really impressed overall a good experience,Shana S.,iyanze-restaurant-bar-and-cafe-chicago-2
3,{'ratingValue': 1},2013-05-24,"We came into this place at 8pm on a Thursday evening.  There was a not a single soul which should have been a warning but we had a soon-to-expire Groupon.  The menu was a confusing mess and when we tried to get clarification with the lady there, she just muttered something that didn't answer our questions.  We mentioned we had a Groupon but after we had gotten our food cafeteria-style, she said we couldn't use the Groupon on what we ordered.  Why did she lie to us before then?!  Our Groupon was for 2 meals, 2 sides, and 2 drinks.  Since she we going let us use it on what we ordered, we would not be getting the 2 sides and 2 drinks.  Ridiculous!  I paid more for that Groupon than if I had just ordered what I'd gotten.

The food was a disappointment as well.  The shaki, oxtail, and goat I got had barely any meat on the bones and all tasted the same, drenched in a tomato-based sauce.  The jollof rice was a little better with a distinctive smokey taste.  Overall, bad service, bad food, bad experience.  Never going back!",Stephanie C.,iyanze-restaurant-bar-and-cafe-chicago-2
4,{'ratingValue': 3},2013-01-07,"Same family as Bolat in Wrigleyville, so the food is authentic Nigerian, but it's quite a different place than Bolat.  Immanuel runs Bolat like a fine restaurant, it's elegant, with excellent service, beautiful decor, but it's only open evenings, and it's more expensive.  Iyanze is really a family affair, I guess Immanuel's mother is in charge, but the erratic service suggests that no one really takes charge here, if you know what I mean.  The food can be excellent, but the service isn't very fast, accurate, or consistent.  They're very friendly, just not very efficient or efficacious.  My first time here, I ordered my favorite, peanut soup and fufu, with fried fish, but it wasn't ready (it's sort of cafeteria style), so they made it fresh.  Since I had to wait, I ordered a goat-pepper soup and an appetizer, both were already made, but they forgot to give it to me.  I've since been back, the pepper soup is excellent when you get it, so are any of the dishes they make fresh, but some of the food that's sitting out front, sits out front too long.  Ask what was made recently, or what they can make fresh and get that.  Why do I keep coming back if the service isn't good?  Well, the food is really tasty, very authentic, this place is open for breakfast and lunch.  Most of the time when I'm here, I'm the only one who isn't from Sub-Saharan West Africa, and sometimes the place is filled with only Nigerians.  It's best to know the names of the different kinds of Nigerian dishes they serve here, they're not very good at helping neophytes out, so I suggest you do a little research on Nigerian cuisine before you come here, maybe read Achebe's masterpiece, ""Things Fall Apart,"" have dinner at Bolat, and/or, bring a Nigerian friend with you.  The way the place is set up, it's almost unavoidable that you're going to talk to some other customers. It seems like almost all Nigerian-Americans are either computer programmers, engineers, or cab drivers. They don't seem to think there's anything wrong with the service here, so that suggests to me, cultural differences are at work.",Rohan D.,iyanze-restaurant-bar-and-cafe-chicago-2
5,{'ratingValue': 1},2015-12-23,"First of all, the customer service was a disaster. The woman taking my order was unfriendly and seemingly disinterested overall. It's an indication of the restaurant's aspirations when that's their first/only face the customers run into.

I'm not the biggest fan of the cafeteria/buffet style food set up but I always give things a shot. Having said that, the food presentation was poor. Everything looked stale if I'm being completely honest. To make matters worse, they were charging by each piece of meat.. By each piece of meat! I've never been to a restaurant where you weren't charged by the dish but each individual piece of goat meat, tripe, or cow skin. Just shocking really.

Now onto the taste. If you're going to charge so ridiculously, surely you're food is gonna be fantastic right? I ended up trying a bunch of different things to give this restaurant a shot. Only 1 thing was decent (it was spicy so it at least had some taste). Everything else was poor. Even the white rice. I wouldn't recommend this restaurant to anyone. I don't know the owner and he or she is probably a good person. Having said that, this restaurant isn't a good experience for anyone and isn't a good reflection on him or her.",George L.,iyanze-restaurant-bar-and-cafe-chicago-2
6,{'ratingValue': 3},2010-12-10,"Well, I had a restaurant.com coupon for Bolat, searched it on my trusty iPhone, and never cross-referenced the address that popped up with the address on the coupon.  Oops :) We were led to Broadway, and entered Bolat, one of apparently a few in Chicago.  The heat was out, but the food was still warm... it is in a cafeteria-style case and it was all fogged up.  This EXTREMELY nice guy behind the counter who was hilarious explained all of the different food to us since we were new there.  We were trying to spend $35 so we could get $25 off, so we ordered 3 bags worth of food.  :) 

the goods: 
tilapia in tasty red sauce
fried plantains (love them in Panama, Guatemala, and apparently the Ghanian version as well!)
the beans 
the veggie rice, which was also a but spicy

the not so goods
the dough ball that you're supposed to pinch and dip in the sauce was disappointing
the yams-- meh. boring.
the vegetarian thing with crushed up mango seed. 
the jerk chicken

the people there were really nice, and made us feel welcome even though it was FREEZING in there.  After our kind explainer and packer added up our total (all of this, plus a few freebies he added in all for $37) I found out that this actually was not the place the my coupon was good at.  Shoot!  The food was overall good, I felt like I was branching out from my usual area and food type, so I gave it 3 stars.  If you have the restaurant.com coupon, don't come to the one one Broadway!  :)",Laura C.,iyanze-restaurant-bar-and-cafe-chicago-2
7,{'ratingValue': 5},2015-07-11,"OMG best jerk chicken and caramelized spicy wings of Izanye @ Taste of Chicago 2015, love 'em! We cannot get enough of it!",Mika L.,iyanze-restaurant-bar-and-cafe-chicago-2
8,{'ratingValue': 2},2010-08-19,"I was excited to try this place.  I am a fan of the sister restaurant Bolat in wigleyville (before and after the makeover).  I looked over the menu, and despite a modicum of experience at African food, I was a little over my head.  I asked the server for vegetarian recommendations, but I think she was confused by my questions.  I took a stab in the dark, and so did my spouse, and we ended up with some pretty boring stuff.  My yam porridge was mashed sweet potatoes with either cassava or true yam pieces inside.  Stodgy and unexciting, and the fufu didn't help.

Unless this place becomes a little more user-friendly I will skip it for one of the other West African places in the area.",Nessie V.,iyanze-restaurant-bar-and-cafe-chicago-2
9,{'ratingValue': 3},2009-07-28,"I really had high hopes for Lyanze, but it really didn't exceed my Bolat experience at the Taste of Chicago.  I ordered the goat stew and jerk chicken with coconut rice.  While Amish A ordered catfish stew.  

The goat was extremely flavorful, but the meat was too tough.  And of course, the coconut rice was plain awesome. The jerk chicken was way too salty, and I think I would have preferred almost any Jamaican jerk in Chicago over this.  Catfish was way too bony to be enjoyed.  When you're sifting through what feels like more bone than meat in your mouth, every single bite, it can get annoying.  Also, the stew that the fish was simmered in was tasty, but it didn't really percolate through the fish.   

The owner of the place was welcoming and let us sample a few items.  The space is appealing.  I know it's hard to live up to the standards left by your older sister, but I guess I'll give it another try, maybe for the lunch special.",Luan N.,iyanze-restaurant-bar-and-cafe-chicago-2
10,{'ratingValue': 1},2012-06-05,"WARNING: this place is cafeteria style, do not come here for a sit-down dinner. I would give this place 1 star but the flavors were decent. Other than that the service is terrible... terrible!, meat is extremely dry (probably cause it sits in vats all day), pricey and the options/combinations are confusing. 

UPDATE: I have to give it one star. Why is it so expensive? I tried this place yet again... FYI, when you get the $10.37 deal with rice and ""3 meats"" you only get three pieces of meat, not three scoops of meat. If anyone has a suggestion for good West African food please let me know. I'm dying to find my place.",Chad V.,iyanze-restaurant-bar-and-cafe-chicago-2
11,{'ratingValue': 3},2012-01-03,"The food here is extraordinary (jollof rice, fried rice, fried fish, moi-moi, etc). 


You will wait 3 hours to receive it.


You decide.",Mimi S.,iyanze-restaurant-bar-and-cafe-chicago-2
12,{'ratingValue': 4},2012-02-21,"So, I spent a semester of college in Ghana and, not surprisingly, have a deep love for West African food as a result.  This particular branch of the Bolat chain of African eateries on the North Side didn't disappoint.  If you you are looking for fancy, you will be disappointed; my experience involved going to the food line and ordering what I wanted (in this case, jollof rice and chicken), being served my food, paying, and then taking into my seat, cafeteria style.  If that's off putting, then this is not the place for you...nor is West Africa.

The food itself was lovely.  The jollof rice tasted as authentic; the slightly spicy, slightly herby taste took me right back to so many meals in Accra. The chicken, too, was true to form: a little stringy by my preferred standards, but still good, and simmered in a GREAT spicy tomato sauce...make sure the sauce gets mingled with the rice!  The rest of the menu was very true to form for a Ghanaian or Nigerian restaurant; I didn't see any sort of groundnut stew, which is a travesty, but so it goes.

My sole complaint would be the service; since there's no wait staff checking on the tables, you're left to fend for yourself once you get your food.  On top of that, the staff on the food line was not super chatty or helpful; they seem to operate on the assumption that you know what you're doing...which with African food in Chicago is not necessarily a safe bet.

On the whole, though, this is a solid place for a quick meal, esp. if you're already familiar with West African fare and need a fix.",Kevin B.,iyanze-restaurant-bar-and-cafe-chicago-2
13,{'ratingValue': 2},2011-09-16,"I probably would have gave Iyanze 4 stars prior to moving to Uptown.

Now, I am a sucker for Nigerian food. I love it! I have dated so many Nigerian guys that I can weed out good West African food from the bad. When I first moved to Chicago, I would only go to Iyanze because it seemed a little more public. Other African restaurants in the area look a little more closed to the public, per se, in the sense that they know pretty much all their customers. 

So I would go to Iyanze once a month, sometimes more. I loved their jollof rice. It was very spicy and had a good consistency. The goat, however, does not come boneless. For me this is the most disgusting thing. When my boyfriend would cook goat for me, I would make him take it to the butcher and get the bone removed. 

Now this Iyanze kick lasted about 6 months. Then I moved to the area and noticed about 5-10 African restaurants within walking distance from my apartment. A few weeks ago, I went to the African Festival in Hyde Park and tried some of Grace African's food. There is no comparison. Iyanze just fell of the radar for me after that!

And the girl complaining about the prices is right. They charged me $8 for a dish of Jollof rice once and then $3 the next time. And my meal always turned out to be more than it should have been.",Christina F.,iyanze-restaurant-bar-and-cafe-chicago-2
14,{'ratingValue': 4},2011-08-06,"Honestly, Iyanze isn't the classiest place in Chicago, but I don't come here for a fine dining experience, I come here for the food. The employees can be a bit gruff but they are generally well-meaning. The portions seem small, but are definitely hearty and filling. The menu can also be confusing, but I would just recommend just starting with some sort of meat with some sort of carb on the side (rice or fufu). I always get the fufu and the chicken with red stew. I also love the meat pies, plantains, and orzo soup.

Also, if you stay in the restaurant to eat, you'll most likely be able to catch some hilarious African music videos on their TVs. The last time I went, I saw a music video for a 10-minute long praise song that started off with a scene of a woman in labor. The husband was praising God that his wife and child were safe. Seriously. It was awesome.

Thumbs up for Iyanze!",Amy W.,iyanze-restaurant-bar-and-cafe-chicago-2
15,{'ratingValue': 4},2013-07-05,"We wanted to try something new but we wanted goat to be on the menu.  We ordered goat, tilapia, scotch egg, okra soup and two different fufus.  Holy hotness!  This food is so spicy and hot!  My tongue was on fire. The tilapia had a ton of bones in it as did the tilapia.  They were both very good other than that.  Fufu was good and the okra soup was good!",Nichole F.,iyanze-restaurant-bar-and-cafe-chicago-2
16,{'ratingValue': 4},2014-01-02,"I went to Iyanze with two others and we shared a variety of dishes.  I lived in Ghana for two years so I think I have a good sense of what West African food should taste like, with that said there may be a difference in Nigerian and Ghanaian food that I'm missing.  Here's the breakdown:
-The yam fufu was smooth and very good. The groundnut soup was well flavored, not spicy and was my favorite thing on the table. The fish was added to it on top was soft, bony, and was very spicy.
-The jolof was smoky tasting and OK flavored, and very spicy. The side of spinach had a nicely spiced flavor - maybe roasted pepper, but was very very spicy - the spicyest thing on the table.
-Rice and beans was plain and saved the meal for me. It tasted perfect. The chicken came out of a cabbage stew and as spicy and was over cooked. It could have been cooked well but wasn't.
-Note: the silverware and cups of water were serve-your-self cafeteria style, a bit weird but it worked.",Mark Z.,iyanze-restaurant-bar-and-cafe-chicago-2
17,{'ratingValue': 1},2011-06-27,"WARNING: WATCH THE PRICING. I foolishly returned to this place, and I would now advise you to watch the pricing very closely.  They charged me for two meat pies, when I only ordered one (and was very clear: ""just one""), did not tell me they were charging me for a full dinner, claiming it was cheaper - it wasn't.

I didn't want to stand there and argue about a few bucks (she was very good about returning my money for the meat pie, instantly and in cash, when I went back and informed her of the discrepancy), but I imagine this can add up for them.  In short: they cheat. They need to tell people what their pricing system is - I would make sure to keep asking them: ""How much is my tab right now?""  If you're going to have an à la carte menu, tell people up front that it might be cheaper to order the dinner: don't charge them extra and then tell them it's cheaper.  I shouldn't have to bring my bloody calculator to check your pricing when I order dinner.

The chicken stew was meh.  I mean, seriously - HOW DO YOU SCREW UP CHICKEN?  I deliberately avoided the goat and other meats, based on my past experience thinking, well, you can't screw up chicken.  I was so wrong: it was hard, chewy (and not in a good way) and stringy.  HOW DO YOU SCREW UP CHICKEN?  Sadly, the typical African restaurant in Chicago suffers from a long-standing affair with the microwave - there is nothing I dread more than hearing the ""ping"" of one of those just before I'm served my meal - so I suspect that's what happens here: the stuff is made in giant batches, frozen, and then thawed in the microwave as needed. Yuck. The beef pie was nothing to write home about, and I'd say the same for the scotch egg.

And, ah, I see that a number of people have popped up here with similar complaints about the blatant racism of this place.  Although it seems that the inferior quality of their food has left people across the racial spectrum unimpressed.

In short: meh-to-bad food, and I don't feel I can trust them without a handy calculator to check their pricing.",Yasmin N.,iyanze-restaurant-bar-and-cafe-chicago-2
18,{'ratingValue': 3},2011-01-06,"Cheap, cheap, cheap & oh so good, good, good...

I was brought to Iyanze by my Gooner bredren after a match. They kept of raving about this 'Pepper Soup' I just had to try. I used to live in Uptown in the early 2k so I was also interested to see what had changed in the old neighborhood. 

Wilson & Broadway is still Wilson & Broadway, it's just a little bit more diverse colour wise. I was shocked to see a huge brand new Target in the old Goldblatt's building, you could barely keep a bank doors open back in the day. 

On to the food, I decided on a bit of stewed beef, smoked fish Jollop Rice & Plantains. The portions were HUGE & I struggled to finish it (didn't want to be rude). I nice cold ginger beer washed everything down (I hear they also have Palm Wine!) The staff was friendly enough so I am shocked @ people's complaints about service (it's cafeteria style, duh). 

There's a pool table & another lounge upstairs (from what I gather). The restaurant was filled with people re-capping their days & catching up. We even bumped into two of my buddy's m8s while we were sitting around digesting.

Round two consisted of the famous 'pepper soup'. Needless to say round one had me filled to the gills but the broth was soothing but apparently not as peppery as desired. 

If you are looking for more of a traditional sit down, get recommendations & then order atmosphere go to the sister restaurant Bolat. If you want a cheap ticket to West Africa then head to Iyanze, it's well worth the trip!!!",Jonny P.,iyanze-restaurant-bar-and-cafe-chicago-2
19,{'ratingValue': 4},2013-10-17,"I give it a 4 because the peanut soup was delicious. Perfect amount of spicy and we were served a fresh batch. I was disappointed in the fufu, though. It tasted too much like boxed mashed potatoes. The server was nice enough to give me small tastes of all the soups/sauces. I was sad they were out of bissap (hibiscus) juice. It was really crowded and it seemed like they had a fair amount of regulars.",Jes S.,iyanze-restaurant-bar-and-cafe-chicago-2
0,{'ratingValue': 2},2010-05-13,"Ummm.. yeeeah...gonna have to give Iyanze 2 stars. 
The 2 stars are strictly because the food was actually pretty good. 

The 3 'blanks' are for the lousy service and jacked attitude. 
I must say, the first time I went, the service was kinda bad because they had just opened and there were still bugs (kinks) to work out. But at least they tried to accommodate. 

I'm pretty inexperienced with African food. My ignorance of Fu-Fu and Tuwoo might be one reason I had such a rough time there. 

My experience: 
I walk in, there were virtually no other customers (cool!) 
A very un-enthused young woman comes moseying out from the kitchen; eyes at half-mast; spoon in hand. 
The miniscule repositioning of her head was sign language for ""Hi, can I help you"". 
I ask if there are any lunch specials. She gives me another equally slight nod of her head and lip-synchs the word ""neh"" -- I took that for a 'no'. I settle on the Oxtail with rice. 

To wit: 
Everything here is priced Ala carte...everything! Even individual pieces of meat. 
So... for 2 small bits of oxtail (mostly bone) I paid 1.99 ea before tax! 
I was afraid to buy rice, I thought they were gonna charge me by the grain. 
For a half styrofoam portion of rice (no meat) they wanted like 4 somethin'. 
Grand total = 9.80! 
The real coup de grâce was when I handed her my debit card and she called me on the 10.00 minimum (the first time she actually used her vocal ability) 
I asked, ""you can't just charge the 9.80?"" 
She replied "" I can charge you 10.00."" 
Me : *pausing to deflect anger* 
Her : *one hand holding debit card, other on hip, lookin at me* 
Me: *hand flick indicating go head you jerk!*

Even after all that, I really wanted to like the place. I've only been around lunch time but I can imagine with the right 'drank' the chic atmosphere would lend to some decent chillin. 
But now I don't know...",Daymon F.,iyanze-restaurant-bar-and-cafe-chicago-2
1,{'ratingValue': 1},2010-07-02,"The service was horrible.  I just left Iyanze.  I arrived there at 8:10pm.  There was line (ok i deal with this). Our order was taken at 8:15pm (not too bad).  Its the type of restaurant that your order firstly and walk across the counter as they plate your food; similar to Subway or Chipotle, but you pay first.  My party order 6 pieces of goat, jollof rice, coconut rice, iyan and egusi; we wanted dodo (plantain) but they didn't have any (I tell you all this because its important to my review).  We then waited, waited and waited for our food to be served.

At 8:30pm when it was finally our time to be served, the server kept saying that we had order beef and I could not figure out why.  I checked our receipt and it clearly said goat;  she then stated that they did not have goat and kept insisting on giving me beef.  I do not eat beef; the other members of my party were ok with their beef but I don't eat beef.  I told her to subsistence mine with fish.  She stated that then she will need to charge me a dollar extra.  With an attitude. That truly was it for my patience.   

Not only had I waited, for now going on 30 minutes for my food, you are going to charge me another dollar instead of your customer service going beyond and asking me what I would like to substiute it with.  I told her that I was not paying a dollar for you not informing me that you did not have the order that I wanted.  You should have told me before you charged me.  I got my fish to say the least.

After this she then stated that we needed to wait for the iyan because the water was just coming to a boil.  This was now 8:50pm.  I thought, what had to been doing for the last 30 minutes.  What more can we say than go ahead, we'll wait?  What's another 10 minutes.

We finally left the restaurant at 8:57pm.  

To recap: you charge me for food you didn't have, then try to charge me for for a substitute, did not have my food cooking while I was waiting but the food is good.

Just be prepared for bad customer service, attitude, long wait and good food.

Oh by the way...this was a to go order.",Kayo O.,iyanze-restaurant-bar-and-cafe-chicago-2
2,{'ratingValue': 5},2009-05-18,"THIS is what I'm talkin' 'bout...

CHEAP eats on the north side, true ethnic flair + Uptown revitalization. I'm happy. 

Seriously, Iyanze is a beacon of hope, a star of guidance, a sign of the ever-changing Uptown, a new day. 

You see, THIS is what local businesses CAN be. No need to sell out to Starbucks or Chili's, but a ma 'n pa can produce a thriving, attractive, productive business. An ethnic one at that. African food, even. It's doable, it's possible, and it's necessary. 

And our job? Is to go and eat. Very easy. 

I had NO idea what to expect upon entering this new eatery. I'd hear the rumors of Bolat's goodness (same owners), and decided to give it a whirl Saturday night. The bright, beautiful awning, full windows, comfy dining room (large) called to me along this somewhat desolate (though recovering!) strip of Broadway. Mere steps across the street from the Wilson red line stop (yes, Wilson, you heard me), and just a short jaunt off the 145 or 36 bus route. It's reachable, and it's not that scary. I promise. 

What is this? Cafeteria style. Not what I expected, but I can get on board. Actually, being able to view VERY foreign foods is a blessing. Descriptions can sometimes be hazy and don't translate well...so seeing the offerings and getting some helpful input from a smiley (read: AWESOME) Iyanze staffer was an added bonus. 

We picked out some experimental dishes, some safe ones and some sodas...and then took a seat. Shortly after that she checked on us, and then brought over a bill. It's kind of a hybrid cafeteria/sit down place. Very comfortable, open, and GREAT for large groups. They'll split the checks, and everyone is SO nice. 

Hand washing stations are available as well. Nice touch :) 

For $25 we split: 
Jerk Chicken: Spicy, comes with a side sauce. 
Goat in some floating sauce. Yes, I ate goat. It tastes like lamb. 
Fried rice: similar to Chinese, with little chunky veggies. 
Pounded yam: like a big ball of mashed taters, in a ball. Odd, filling!
Bean casserole: BEST dish of the night, spicy and flavorful!
Orange Soda & Diet Coke

Really, it was enough for 3 people...maybe 4, if the last one is smallish. An excellent opportunity to try something new, very cheaply. 

Viva Uptown! Viva Iyanze! I'm a fan, I'll be back for some takeout, most definitely too...",Colleen C.,iyanze-restaurant-bar-and-cafe-chicago-2
3,{'ratingValue': 4},2013-11-20,One of the best options in Chicago to sample West African cuisine from both Ghana and Nigeria. If the ambiance is improved marginally (organization and appearance) I am certain traffic would increase dramatically!,Austin T.,iyanze-restaurant-bar-and-cafe-chicago-2
4,{'ratingValue': 1},2011-03-29,"I visit a place twice before I make up my mind about it.

Iyanze failed me both times.

Maybe there is a golden time to patronize this joint & I missed it because to be fair, both visits were around 7:30 or so on a week night.

I do like the bean casserole but somehow think I can find better simply because I dislike this place. [and it was less than luke warm]

The service was bad and I'll not be going back.",Henry M.,iyanze-restaurant-bar-and-cafe-chicago-2
5,{'ratingValue': 1},2013-01-26,"Not going back to this place ever!
This is not my first time trying African food, so maybe I was mistaken when I first thought that I liked it; we had a sample of almost all the dishes and we were almost about to leave without ordering any. But because of the kindness (in the first minutes, only) of the girl who was serving us, we decided to stay and eat there.
They have about 5 different bean dishes and all of them taste about the same; the meats are almost virtual you only will find bones and sauce! no matter if it's chicken, goat or beef. 
The food is overpriced, I was aware of the previous reviews regarding the prices, and they were totally right; the menu is confuse, and I honestly think they do it on purpose. Apparently there is no way you can know how much you will have to pay until the cashier makes up whatever she thinks is the fair amount that you have to pay (fair for them, unfair for us)",Omar N.,iyanze-restaurant-bar-and-cafe-chicago-2
6,{'ratingValue': 3},2009-06-04,"I was really, really excited to get West African food before the Amadou & Mariam show. I am so lame. The place was super cute, and although we were a little confused by how it worked and how many dishes we should order and what goes with that, the food was pretty good. The peanut soup (which is really more of a curry sauce that I wanted to dip everything into) was pretty delish. Jerk chicken and coconut rice was my second favorite. The pounded yam (Fufu) tasted like a dense mashed potato but you could dip your balls into that peanut soup and it would taste awesome. We also tried some goat which my buddy Ben swears by but I thought it tasted like janky greasy lamb, which is already something I don't like.

Here's the weird part. This place, although the tables and decorations are really super modern/cute/welcoming/not-ethnic-janky-at-all, there were big screen TVs everywhere. That were playing a documentary. That was about the black market of organs in the Middle East. And it started showing kidney transplant surgery. Graphic kidney transplant surgery. That looked a lot like my goat and peanut soup. 

I don't know if it was the documentary or the soup but I felt really, really sick for the next few hours. It hinged on ruining the Amadou & Mariam show for me.

I don't care how new of a business you are, there's no excuse for me to be watching surgery while eating unfamiliar ethnic food.",Elaine C.,iyanze-restaurant-bar-and-cafe-chicago-2
7,{'ratingValue': 1},2013-07-21,Horrible customer service. Food is ok. Not worth it.,S J.,iyanze-restaurant-bar-and-cafe-chicago-2
8,{'ratingValue': 3},2009-07-04,"So yous pays your moneys and yous takes yours chances--this is the way of dining out, where a restaurant can be brilliant one night and positively atrocious the next. 

But to experience such a dichotomy within two bits of the same piece of food? That, our Prince of Denmark would tell us, is madness.

Aye, it happened: we had a chunk of goat that was tender and toothsome one bite, dessicated and inedible on the other side of the bone; I had to spit it out, it was that defeated. We had a spinach stew that was like a brilliant veggie hash--until crunching on unbeknownst fish bones buried within. Egads, mon!

The rest of the food was more than serviceable: good oxtails, plantains, and fufu; rices were competent. Skip the bean casseroles.  Take note: you ordered by the piece or side here; it adds up--about $15/pp for us.

The staff couldn't be nicer, giving us three plates of samples to work through before ordering...but then they botched multiple parts of our actual order. 

It's like that, huh.",Brad C.,iyanze-restaurant-bar-and-cafe-chicago-2
9,{'ratingValue': 4},2009-04-14,"It's the resurrection of the now defunct, venerable Bolat West African restaurant that was on N. Clark street in Wrigleville. This new Iyanze restaurant is bigger, better, modern, beautiful, up to date... and the food seems to have followed suit with the upgrade. You get everything in bigger quantities. Basic staples like jolloff rice, fried rice, pounded yam, white rice with stew, fried plantains, goat meat, oxtails, fresh vegetable soups, fried fish, meat pies... i mean it goes on and on. Patrons will appreciate the more cohesive process of food ordering, almost like a buffet style, but it's served for you - as you get to see your food before you as you order. 
Big, flat screen TVs grace the walls, and there's also an upstairs spacious dining room that may double at a lounge or space for dance parties. Bathrooms are bigger and better, obviously, and convieniently located on each floor, as opposed to the former location.
This is a wonderful addition to the Uptown Neighborhood... residents will find it to be a refreshing alternative when it comes to ""ethnic eats"". Can't wait to go back.",Chi M.,iyanze-restaurant-bar-and-cafe-chicago-2
10,{'ratingValue': 5},2009-06-14,"BEWARE! BEWARE! 

I can't remember the last time that I had a meal where I ate so much I COULDN'T BREATHE! Well I just had one at Iyanze- I tell you, this place could be harmful to your health. Definitely allow at least an hour of recovery time after a meal at this place before you decide to take the night by storm.

This place was lovely! As a African food virgins, we were greeted by Emmanuel (manager?) who warmly greeted everyone in our party with a hearty handshake. The place was a brightly colored, airy space with a lofty feel. All the food is served cafeteria style- my favorite as you get all your food quickly, are pestered by servers, and save $$$ on tipping. It's BYOB as well- we put our case of beer under the table and helped ourselves.

Emmanuel, after seeing our dazed looks as we confusedly eyed the chalkboard, quickly offered a tasting! He quickly whipped up sample platters of rice, beans, fufu, and meats. Winners? All of the rices were stand-outs, with the coconut and orange rice (name escapes me) being particular standouts. The jerk-chicken was to die for- falling off the bone and served with a spicy brown sauce that I wish they bottled and sold. Also mouth-watering was the bean casserole, which is a mash-up of beans and yams with fried plantains on top. I even took some leaps of faith trying the goat, which was also delicious.

Warm, bright place will lovely people and even better food. I will be back and often!",Alex B.,iyanze-restaurant-bar-and-cafe-chicago-2
11,{'ratingValue': 4},2010-05-15,"I'd never had western african food before, so this was completely unique to me.

Basically you order a soup/stew, meat to go on top of it, and a carbohydrate on the side.

The soups had a lot of variety in textures and flavors.  Most of the meats were either dry or rubbery, but the flavors were pleasant.  The fufu (pounded yams) was good, it was fun to dip in the soups.

It was a quick, cheap and exotic meal that I really enjoyed.  It's served cafeteria style, and I think that showed in the quality of the food.  But given that I couldn't be further from an expert on W African cuisine, I left pretty happy.

NB:  There really is nothing ""safe"" on the menu.  This is not for people who are turned off by organs, exotic flavors, or spicy food.",Onur U.,iyanze-restaurant-bar-and-cafe-chicago-2
12,{'ratingValue': 5},2009-11-18,"I came here not knowing what to expect. This was my first foray into African food. I was greatly comforted by seeing that the place was almost entirely populated by people of African descent, and knew I was most likely in for an authentic meal.

As reviewed previously, the staff is extremely nice and welcoming, especially to people obviously not of African descent staring wild-eyed at the unfamiliar food in front of them. A few samples later, my friend and I ordered far too much food.

Bean Casserole - Flavorful, spicy, best thing ever. Would give 6 stars on basis of this alone.
Jerk Chicken - Really damn good, and was very tempted to get more.
Coconut Rice - Great and flavorful, but got to be too much real fast.
Jollof Rice - A welcomed alternative! It was awesome all around.

I will certainly be back when I am on the Far North Side/in the Uptown area!",Justin S.,iyanze-restaurant-bar-and-cafe-chicago-2
13,{'ratingValue': 2},2010-06-28,"This review is based on what I had at Taste of Chicago -- but based on THAT, I won't likely be trying this restaurant.

I happily plunked down my tickets for the jerk chicken. Normally, I am partial to Vee-Vee's, but I decided to give Iyanze a try.

I scoop up the first forkful of ""chicken"" and rice, I bite down and...bone.

I scoop up another forkful and bite down and...bone.

And another...bone. And charcoal bits from the grill.

I look down at what I'm actually eating and that's all there is -- bones, charcoal bits and rice. This is surely unacceptable, right?

So, still close to the booth, I go back and plead my case. ""Look at this, it's all bones. I'd like another...""

The girl shakes her head no. She tells me in no uncertain terms ""You not gon' try to get another jerk chicken for free on us!"" 

I didn't even get mad. I just laughed and said ""LOOK AT THIS!"" 

Looking at the basket of bones and rice, she tried to give some lame explanation of how they cut the chicken and it was ""probably just an accident"" that I got all bones. Uh-huh.

So I got another jerk chicken -- this time with a tad bit more meat, but not much. The sauce they put on it was terrible. I know I spent 30 minutes trying to get that taste out of my mouth. 

Having lived in Miami, I know what good jerk chicken is supposed to taste like -- and Iyanze didn't even come close. I can say without equivocation that it was the worst jerk chicken I've ever had in my life. 

Back to Vee-Vee's for me!",Sabrina M.,iyanze-restaurant-bar-and-cafe-chicago-2
14,{'ratingValue': 2},2012-11-03,"The food here was luke warm, we had to ask them to reheat the food in the microwave. I certainly would not recommend eating here.",Brenda S.,iyanze-restaurant-bar-and-cafe-chicago-2
15,{'ratingValue': 4},2009-04-26,"I went there for the first time and I have to admit i was quiet impressed. It was pretty empty but the decoration gave a good vibe to the restaurant. It could be friendly place where you could watch soccer games on the flat screen TVs sipping on some Palm wine or just a place to go with a bunch of friends to grab quick and tasty Nigerian food. The food was good (Fish and goat stew over rice = deadly combination). 
I know you can find similar type of food in the area but I thought this place stood out because of it's setting.",Christian P.,iyanze-restaurant-bar-and-cafe-chicago-2
16,{'ratingValue': 1},2012-01-31,"Jerk Chicken = $14 for 1 (ONE) ... just a single chicken leg.  The quality: ok.  Didn't taste like a $14 chicken leg to me.

Ox Tail = $7 for a vertebra.... to be clear, that's one bone, with a little bit of meat on it, mostly bone.  Typically you get a few bones so that you can get some meat.

Delivery + Tax + Tip + Bones = $33.17

We got some rice too.

Order from here, and you will starve... even if you eat like a bird. (I eat like a mongoose... sounds like a lot, but I promise you, mongooses would starve eating this rip).",Robert T.,iyanze-restaurant-bar-and-cafe-chicago-2
17,{'ratingValue': 2},2010-01-14,"It looks like once again, yelpers are tricked into rating sub par restaurants highly because they are different.

Some of the worst meats I have ever tried.  Tripe (cow stomach) was chewier than tripe normally is, the Cow leg consisted of a bone with fat encircling it, and the chicken was one or two wings that were extremely over cooked.  Served with a standard rice that most could replicate with pre packaged Uncle Ben's.  Oh, and if you need more carbs to fill up on, don't forget the ball of flour that is served barely past raw.  Sure to bloat.  I would have went back to get the name of it if I wasn't B lining to the door.  

Authentic, sure.  But is it an authentic dish worth eating, nope.",Mike M.,iyanze-restaurant-bar-and-cafe-chicago-2
18,{'ratingValue': 1},2013-11-28,"I called day before thanksgiving to place an order for  2 dozen meatpie and I was asked for my name and telephone number, which I did. I was told it will be ready before 3 the following day. I called them around 2:17pm and I was told they do not have an order for me. They transferred me from one lady to another and neither if them had the nerve to apologize. Their customer service is terrible.",Funmi J.,iyanze-restaurant-bar-and-cafe-chicago-2
19,{'ratingValue': 5},2009-06-21,"Iyanze is casual, inexpensive, hearty and vegetarian-friendly.
This bright and open dining space cheers up a pretty bedraggled strip of Broadway. The staff is friendly and it's definitely helpful to see what you're ordering, thanks to the buffet-style presentation.
We both had the $4.99 lunch special, which gets you two items + drink. Excellent value! I had the bean casserole, which was perfectly spiced and very filling, along with the fried plantains. The BF had fish and jollof rice. The rice was less spicy than the Ghanaian version I've had before, but delicious nonetheless. The only disappointment was they were out of kenke, a variety of fufu made from fermented corn meal that is sooo good.
Highly recommended, especially if you love ethnic food but have little or no experience with West African cuisine.",Angela D.,iyanze-restaurant-bar-and-cafe-chicago-2
0,{'ratingValue': 4},2014-01-01,I am Nigerian and have been to this place many times. This is a cafeteria-style restaurant- in that you see most of what is available to eat. The customer service there varies depending on the server- there is a specific female server in her late 30s who is always has an attitude but the others are normally ok. Their Jollof rice is probably the best I have ever had and their pounded yam and efo with chicken and beef is good too. It is a bit expensive but the food is normally good.,Babatunde W.,iyanze-restaurant-bar-and-cafe-chicago-2
1,{'ratingValue': 5},2012-12-22,"10 stars! I came here for pepper pot soup while i am sick with a cold. The lady on the phone accomodated all my requests and was watching for me to arrive. She prepared my order and I got to observe a pretty large line get served individually by the numerous staff/family? I thought they were great.  I loved it in there. The soup is exactly what i wanted, made from scratch and spicy enough to kill every germ in my body. I can't wait to go back and sample the numerous offerings in the buffet.",Polyana W.,iyanze-restaurant-bar-and-cafe-chicago-2
2,{'ratingValue': 1},2011-01-19,"This is the African food for people who've never tasted GOOD African food. Their service is bad. Their jollof rice isnt cooked through. I've had GOOD african food, and this place is JUST NOT IT. For the price of the food, it should be much better. They're very stingy with there meat too. NO Thanks. If you want AUTHENTIC AFRICAN FOOD please don't base it off of this place. They are sub par at best.",Sylvia R.,iyanze-restaurant-bar-and-cafe-chicago-2
3,{'ratingValue': 4},2009-04-25,"See this? *points to stomach* This is where my baby lives... my food baby. 

I had read about a new West African restaurant opening up a few weeks ago in Uptown on Broadway, I became curious. Intrigued if you will. Many northern African food stops, but one claiming some West siiiide! vibe to it? Investigations must be made. A monthly dinner visitation of the Sarah G, Jeff B and our friend Matt became the perfect opportunity to sample this cuisine. 

Let's talk about where you are eating this phenom food. Basically Wilson and Broadway. Is it homey and comforting? No, its a little like a really nice cafeteria, but you know what, the staff totally makes up for it, including the owner, Manu. His staff is over the top friendly, encouraging, smiling, helpful, because that is the way the owner is, let me explain. We came in with bottles of wine, because as of right now it is BYO however in a few weeks they will be going full bar style, hearing that we did, he explained that there was a corkage fee and then asked us if we had ever been to Iyanze. Nope. Never. He made us feel like it was his personal mission to make us feel like a welcomed member of his family. He took us through the entire menu, kept having us try and sample all sorts of dishes, chicken, rice, beans, sauces, etc... I was a little worried we would fill up, don't worry we didn't. He also explained everything, how it fit in to the meal, how what typically worked with what, but how did it taste? Damn good. Not just good. Damn. Good. The goat was great, the sizzling chicken and jerk chicken were dishing out more flavor than I thought was around. Coconut rice was  addicting, the fufu was an experience, (think a stiffer mashed potato, its made of a root vegetable, rolled in to a ball, picked up and ate with your sauces), the list goes on and on. Too be honest my mind was just overwhelmed, but my mouth followed right along. A couple of notes, don't expect most cuts of meat to be prime rib, may are stew meats, but that means they are cooked long and slow and are tender and flavorful. Also, do be careful when eating, some dishes are cooked with fish, which means bones, so heads up. 

We ate two and a half tables worth of food, or probably about two dozen or so dishes, for just over $85.00. $85? For four people? If you saw how much we ate, (um and again, if you could see our food babies growing), its totally affordable. It just opened up, but we also got the low down of the reopening of Bolat in early August late July. Just. You. Wait. What you shouldn't wait for is getting your butt down here for an experience for not only your mind, your eyes, but for sure your taste buds!",Rob L.,iyanze-restaurant-bar-and-cafe-chicago-2
4,{'ratingValue': 5},2009-07-30,"i'm a recovering spice wimp/picky eater. i'm not ashamed. that being said, i was a little nervous about venturing to an african restaurant, as my only previous experience was tasting a friend's sierra leonian fish (that sounds dirty) that was spicier than 10,000 hellfires and left me literally crying for about 2 hours. 

imagine my delight when i walked into iyanze to be greeted by 3 of the friendliest employees ever! upon noticing our confused stares as we looked at all the tasty looking food lined up cafeteria style in front of us, we were given a complete run down of each dish, and even got to sample many of them! AMAZING customer service! and say what you will, but i like knowing what i'm about to put in my mouth....

i spent $13 (+ tip) and got 3 enormous meals worth of food! there were some great flavors here, and the food is so cheap that i got to try some of everything that i liked!  standouts were the plantains, yams, spinach with melon seed, and my favorite- smashed beans with black sauce. 

the prices, proximity to my apt, delicious food, and absolutely outstanding staff guarantee that i'll be back!

also, BYOB!!!!!!!!",Bev H.,iyanze-restaurant-bar-and-cafe-chicago-2
5,{'ratingValue': 1},2010-09-20,I agree with the other people who complained about the pretty horrible customer service.  Service was very slow and was like pulling teeth when it finally did come...I was in over my head in terms of African food when I stopped in here on a whim and the stuff was utterly unhelpful and damn near incomprehensible...The place was completely empty in the middle of the day and that should have been my first sign but I plugged ahead in any case...The food was ok but definitely not the best and not worth it for all of the downsides...Check somewhere else out before you even think of this...,Dejan B.,iyanze-restaurant-bar-and-cafe-chicago-2
6,{'ratingValue': 1},2013-03-10,"One of worst meals I've ever been served.  First time I've tried Nigerian food.   Had fish and yam porridge.  Fish was so old like piece of hard leather, couldn't eat it.   I went up and told the girl and she was very nice about making me up a new plate.   I liked that food was spicy but other than that?  Not really much on that one piece of fish to eat once you pull bones out.  Also, I have no idea what kind of fish it was?  Spinach dish was ok, nothing exciting.  Sauce not bad.  Nothing I will ever want to go back for and if anything, I think I might be scared to try Nigerian food again.  I'm mostly vegetarian and doesn't seem to be any protein options unless you just eat beans and rice or yams.  But maybe I'll try again, in a year or 2. Lol.   Other issues were that even though it was cafeteria style, it took as long as a sit down place to get our food.  Complete chaos and hardly anyone there.  The guy taking his order asked me what I wanted and when I asked if they had any vegetarian food he asked if I wanted beef.  I agreed to fish and he takes sauce from goat meat and poured it on my fish.  He spoke English only so umm.....I didn't get that.    Also, not very clean.  Plastic trays were very greasy, gross.   Glad they had a hand washing station but tables were dirty and many had dishes on them still.",kim c.,iyanze-restaurant-bar-and-cafe-chicago-2
7,{'ratingValue': 4},2010-04-05,"How cool was it to wander into this place & be treated SO courteously and have such a completely filling and satisfying meal?  It was THAT cool.  We wandered in after a show at the Riv & after just a few moments of taking in the unique atmosphere, the visuals, the delicious aromas of spice and roast meat... we were asked if we were at all familiar with the menu...
when we replied ""no,"" the taste testing began.
And when we still couldn't decide what we wanted to order, we received further assistance.  They took their time and explained each thing they were putting on our plate.  

We ate well and took home leftovers.  The price was more than fair.
The service was courteous and warm.  The food was an amazing array of flavors & textures... we tried lamb, chicken, & tripe and all were excellent.  
though I could have done with a LITTLE less spice on a couple of things, but you can tell this place was the real deal.  

Keep your mind open & you're in for a treat. 
It is an unfamiliar cuisine to most western palates (no doubt) and this is no burger & fry on a plastic tray.   

Worth a try.",Leroi J.,iyanze-restaurant-bar-and-cafe-chicago-2
8,{'ratingValue': 2},2009-08-17,"I was invited here by a friend and it was not my favorite.  I am not a big fan of spicy food and most food has a lot of spice or hot flavors.  Most meats have bones.  Another friend did enjoy the food.  For me, the goat was tough to eat (though it was my first experience).  The fried rice and plantains were ok.  Rice and Beans were pretty spicy.  They sort of have a cafeteria style of ordering.  The night we went, they had a show upstairs, which was very nice.  I probably would not go back again.",Jason H.,iyanze-restaurant-bar-and-cafe-chicago-2
9,{'ratingValue': 5},2009-07-10,"Oh man, am I ever glad I picked this restaurant to adventure to!  SO.....DAMN........GOOD!!!!!  I had no idea what I was doing, so the very friendly woman at the counter gave us a couple dishes with some things to taste, and we picked from there.  We had jerk chicken--reaaaalllllyyy juicy and good.....so tasty!  The bean casserole--to die for!  Super good!  Coconut rice, which was obviously good, as a combination of coconut and rice would have to be.  We also had plantains, which tasted different than I thought they would, but not unpleasant.  Kind of like a cross between a banana and a potato.  Peanut soup--yummy!!  Fufu, which was different......kind of like firm mashed potatoes, but with hardly any flavor.  Again, not unpleasant.  I dipped small bites into the peanut soup, which was tasty.  
Lastly, and most memorably, was the bright red goat stew we had.  Oh yum! Yum yum yum yum yum yum!  This was my fave.  Not only was the goat meat delicious, the stew sauce was crazy good.  I could drink the leftover sauce, it was that good!
All in all, I was super pleased that my meal was fabulous, and that things tasted just as good as I was hoping they would.  I would recommend it, and will definitely go back!",Liza P.,iyanze-restaurant-bar-and-cafe-chicago-2
10,{'ratingValue': 4},2009-05-01,"My girlfriend and I went to Iyanze last night after I read one of the many recent positive reviews. I was excited about the potential to eat good west Afrikan food like the stuff my good Ghanaian friend introduced to me, and the mention of high quality jerk chicken always makes me salivate. On both fronts Iyanze did not dissappoint. I was only sad that the jerk chicken was sold out except for one small piece which the owns gave us to taste warning ""it will only make you want more"". Never were words more true. We feasted for $18. I will be going back to put away some jerk chicken en masse.",Jonas G.,iyanze-restaurant-bar-and-cafe-chicago-2
11,{'ratingValue': 5},2009-07-21,"This place is great! Incredibly tasty, very chill atmosphere, and most of all, wonderful people. I came with my boyfriend, and as I'm a vegetarian I wasn't sure I would have any options. When I asked whether they had vegetarian dishes, what did the owner do? Pulled out a plate, piled it high with samples of all the vegetarian goodies, and let us decide whether it would work for us. It DEFINITELY did. I've been back many times since then - this place is a gem in a neighborhood that needs to hang onto its gems. Go already!",Mister F.,iyanze-restaurant-bar-and-cafe-chicago-2
12,{'ratingValue': 5},2009-11-22,Incredible food. Absolutely incredible. I especially recommend the goat.,Adam E.,iyanze-restaurant-bar-and-cafe-chicago-2
13,{'ratingValue': 2},2009-12-29,"We were excited to try this place. We tried Osa's on Wilson and really enjoyed the fish and rice entree.  Iyanze has a dinner special for $7 which includes meat, bottle of water, and sides. I had the fish and it was very fishy and salty. It didn't taste fresh. I had the spinach soup which was very good and had a nice spice to it. I had the pounded yam. It was very good and our 11 mo. old son loved it with the soup. You can't get jerk chicken with the dinner special. We didn't know that until after we paid. The girl at the counter told us to pay and then go down the line and tell her what we want. He had to get another type of fish. This fish was also salty, fishy, and a bit dry. The sauce it was in was good. The coconut rice was good aside from the mixed in frozen veggies. My husband ordered some jerk chicken anyway to give it a try. It was OK. Jamaican jerk chicken is better.  The jerk chicken was $5 for two tiny pieces of leg. The plantains were fried and very good. Not greasy at all I'd go back for the pounded yam, spinach soup and plantains.  It was an interesting dining experience to try different things, but the chicken and fish didn't satisfy only the sides were descent. The staff was helpful at explaining what each item was, which was very helpful. If you dine here and don't get the special then it may get expensive for cafeteria-stylel food.

I recommend Mama Osa's on Wilson. It's not as nicely decorated. It's a hole-in-the-wall. The food tastes better.",K S.,iyanze-restaurant-bar-and-cafe-chicago-2
14,{'ratingValue': 4},2009-11-14,"Yum yum! Iyanze is so so good! I go to Iyanze at least once a week because it really is that good! There are so many options that I usually get a different thing every time I go. 

The only weird thing is that sometimes, the food is undercooked - I have gotten a rice dish and a meat dish a couple of times that are just not cooked the whole way through.

Overall though, always a very pleasant experience.",Chichi O.,iyanze-restaurant-bar-and-cafe-chicago-2
15,{'ratingValue': 4},2009-06-12,"Writing this review as I dine on Iyanze's delicious food...very tasty. I'd only ever tried African cuisine once, and was clueless as to what I would like. The staff there made a whole plate of samples for me to try and waited patiently as I tried each one. 
 
The ordering was a bit confusing. They have lunch specials for 4.99, most of which includes a rice and a meat or fish. I wanted rice and a vegetable (not included in the lunch special) and ended up having to pay for each item seperately, and it was more expensive to do it this way. 

The food though is fantastic. The staff really smily and helpful. I took my food to go, but the dining area looks really nice too. Hope this place sticks around.",Tallulah B.,iyanze-restaurant-bar-and-cafe-chicago-2
16,{'ratingValue': 4},2009-10-24,"Came here with the misses in our first night in Chicago for the long labor day weekend. The staff were so friendly and helpful in helping us choose our food. We've had Nigerian food before, but never     had so many choices, so we were confused. The food was good, but the atmosphere was what made is so special. The man who seemed to be the manager brought us samples to help us decide. Great experience, and a nice walk in the neighborhood after. Also, try the Nigerian palm drink!",Adam C.,iyanze-restaurant-bar-and-cafe-chicago-2
17,{'ratingValue': 2},2011-04-29,"The food quality is ok depending on the time of day you get there. Lunch food is always good but the evenings and weekends are terrible. Also the staff discriminates alot. If you are black or african expect to get sub-par service. If you are white, you will get bottle service, a waiter, the whole 9 yards. The owners are professional and courteous but their staff is horrible. the place is nicely decorated but thats about it.",c m.,iyanze-restaurant-bar-and-cafe-chicago-2
18,{'ratingValue': 1},2012-04-19,"Worst dinning experience of my life!  I bought a groupon for Bolat the last time they were offered and thought it would be an interesting place to check out.  I live right down the street and decided one Wednesday night to go there for dinner with my wife.  We were immediately seated, but once we sat at our table we could tell that the other diners were not happy with the place.  After waiting over an hour and a half before we even received an appetizer, we found out why.  After another hour of waiting, all the while they kept telling us it was coming right out, we received one of our entrees.  It was a fish dish, but the fish was raw on the inside.  We then had to send that dish back as it was inedible.  At that point we were beyond hungry after waiting close to 3 hours for our food.  My wife left, but I stayed to take the food to go, after being told I would receive it in 15 minutes.  I waited another half hour and took the food home.  The food was marginal and I will definitely NOT be returning.",John J.,iyanze-restaurant-bar-and-cafe-chicago-2
19,{'ratingValue': 5},2009-05-14,"Yesterday I didn't even know what West African food was. Now, I have a new favorite cuisine! Although this isn't in the best location (I wouldn't go alone at night), don't let that deter you from trying one of the BEST spots for good ethnic food I have found in Chicago. While most ethnic spots have less than stellar ambiances I found the interior at Iyanze to be warm and inviting! The real draw though is the food. I had the coconut rice (out of this world and a must order) along with a traditional Nigerian bean casserole. I usually don't care for beans but this was one of the tastiest dishes I have ever tried in my life! The plantains were great too (although they are pretty hard to screw up) and I had a spinach side which was good but I probably wouldn't order it again. For all this I spent about $13 and only needed about half - portions are BEYOND HUGE! Before I digged in I was kind of excited to have leftovers for two days but everything was so delicious that I kept eating until there was nothing left and I had to unbotton my jeans. Always a good sign! Another great thing abut Iyanze is that you order at the counter so you don't have to tip which also makes this a good place for a group. Highly recommended and just remember to try the beans and coconut rice!",Shannon F.,iyanze-restaurant-bar-and-cafe-chicago-2
0,{'ratingValue': 1},2010-05-16,We went to this place to try some new food and have a good time. turns out this place is more of a cabbie hang out. Not the kind of place  at least I wanted to spend some quality time.I did not even order any thing just walked out.,Chicago P.,iyanze-restaurant-bar-and-cafe-chicago-2
1,{'ratingValue': 5},2009-08-03,"I've been here twice, and both times the owner gave us platefuls of samples for the uninitiated in the group. He also said, endearingly, ""Welcome to Africa!"" I love the quick, cafeteria-style service and the fact that you can spend about ten bucks a person (including tip!) and leave completely full. The plantains are some of the best I've had, and not as greasy as they are at most restaurants; every kind of rice is fantastic; and the bean casserole and bean cake are two things I'll order every time I go. And I plan to go regularly.",M G.,iyanze-restaurant-bar-and-cafe-chicago-2
2,{'ratingValue': 4},2009-10-09,"As others have pointed out, the staff here are very very friendly and enthusiastic about their food.  The three of us walked in, and obviously had no idea what we were doing.  One of us was absolutely sure he would not like the food (he's definitely not the most adventurous person around), so he was just gonna watch us eat.  The host immediately started bringing out samples of 1/2 the items they had, describing in detail the differences and how they should be paired.  After sampling the  various items, our dissenter had changed his mind, having found the food to be quite tasty and palatable, even for his narrow view of food.  All three of us ended up ordering different items, and we all walked away very satisfied and pleasantly surprised with the experience.  If I lived in Chicago, I would definitely go back, and it is a great place to take some for an intro in west African cuisine, as well as a great place to slowly warm up the timid or ignorant into trying something a little more exotic than Applebee's.  I can't compare it to other African foods, but I have made my way around the rest of the world's cuisines, and it definitely has its place as a must try.",Kris J.,iyanze-restaurant-bar-and-cafe-chicago-2
