,reviewRating,datePublished,description,author,alias
0,{'ratingValue': 2},2018-11-01,"I have tried to give the benefit of the doubt many times. They short you in chicken mcnuggetts routinely and sometimes they are old. I have to count them now before I leave the window. One time I got 7; another 9; then 8..it was a crap shoot as to what will I win tonight! No enthusiasm at the windows.

You often get told to pull around and wait at peak times when they should be ready.

The drive through is the slowest in town and they have two.
Big lot, many ways in and out near busy 55th street. I just drove right past it again the other night and went nah!  I will go to the one near my home.",Terry P.,mcdonalds-chicago-70
1,{'ratingValue': 1},2019-08-31,This is the absolute worse McDonalds! They definitely meet the McDonalds stereotype/memes of no ice cream ever; no smoothies or frappes! I don't no why they false adverse with the signs because it's never an option here.,Keila L.,mcdonalds-chicago-70
2,{'ratingValue': 1},2019-03-11,"So, the Yelp website says that this location is open 24 hours per day, and the UberEats app states that the restaurant closes at 11:59 p.m. and opens again at 4:00 a.m. I placed a simple order for delivery through UberEats at 11:28 p.m., so either way I should have gotten my food. The order was acknowledged, my credit card was charged, the order was not delivered and the UberEats site sent me a receipt stating that it was. I called the restaurant twice to inquire about the delivery time, which changed twice while the website's order tracking status read that they were ""preparing my order,"" and they declined to answer the telephone both times with no option to leave a message. Taking people's money and leaving them hungry late at night with no follow up or options: Who does business this way?",Ronald C.,mcdonalds-chicago-70
3,{'ratingValue': 1},2019-03-17,They just told me they close at 11:55pm. It was 11:51pm and they would not serve because they were closed. Management should update their online information and tell their customers consistent information.,David P.,mcdonalds-chicago-70
4,{'ratingValue': 1},2018-11-04,"Horrible service. The kid at the second window was absolutely terrible with customer service. I told him that my wife did not get her sweet and sour sauce, he tells me "" She did, its in the bag"". I repeated myself, my wife does not have sweet and sour. He replies again"" I put it in there, its already in the bag"". At this point I simply said, "" Can you just give me sweet and sour sauce so that I can go"". Also we waited 20 minutes in the drive thru for a routine order. Do not stop at this location. Absolutely horrible",Erik G.,mcdonalds-chicago-70
5,{'ratingValue': 1},2019-01-19,"My boyfriend went in to this McDonald's tonight and was charged twice on his card. His card showed over $50 in charges, but the manager would not speak to him nor was he given any food. They told him the charges did not go through. When he asked to speak to a manager, she refused and ended up calling the police on him.",Sarah G.,mcdonalds-chicago-70
6,{'ratingValue': 1},2018-04-02,"Possibly the worst mcdonalds ive been to. I work close to this location but I try to avoid it as much as possible, but every now and then I make stupid decisions and drive through it. NOT WORTH IT. BETTER STARVING OFF THAN GET YOUR DAY RUINED BY THE EMPLOYEES OF THIS PLACE. Rude, unprofessional, zero customer service skills, slow, lazy, and did I say rude? Again, do your self a favor and avoid this location as much as possible.",Karlo B.,mcdonalds-chicago-70
7,{'ratingValue': 2},2017-10-28,"This place is on my route home. Stop here a few times a month at least. Never and I mean in like 9 years I have never gotten through the drive thru at a normal, or fast pace. Not quite the worst McDs but it's up there.",Vincent J.,mcdonalds-chicago-70
8,{'ratingValue': 1},2018-08-19,Worst place ever. Very slow and rude employees. This is now at least the third summer I have stopped there for ice crean and they have none. Not just one time but most of the summer if not all summer. Worst mc i have ever stopped,Nathan M.,mcdonalds-chicago-70
9,{'ratingValue': 1},2016-08-02,"This is the worst Mickey D's. Made a visit on Sun July 31...it was hot in the newly remodeled McDonald's. They had only one register open & the line was getting long. The lady behind me was fanning herself.  Now, my food was not hot nor fresh..

This place will make kids cry. I almost did...my chicken nuggets where so hard. I live near by but will never go back..McDonald's on 25 King drive food is always hot & fresh.",Char P.,mcdonalds-chicago-70
10,{'ratingValue': 1},2017-02-22,Literally waited 25 mins for a bacon egg and cheese biscuit. I could've went to a diner and got a real meal for that time.,Tresa M.,mcdonalds-chicago-70
11,{'ratingValue': 1},2015-12-13,"More like 0 stars. Lol.
Took 25min to get through the 4 cars in front of us.
The employees suck and are rude. But hey thats expected from the south side no shocker there.
Frys were cold and had 0 salt. Had to give them the food back cause they gave us the wrong order. 
In the burbs you ask for a side of pickles and they just give it to you. Here the girl runs in the back and starts ringing it up asking people how much they cost. Lol so we just drove away. Im not going to get charged for 2 pickles.
All in all im so glad i dont live around here.. id go crazy with the incompetent people.",Wes L.,mcdonalds-chicago-70
12,{'ratingValue': 1},2016-08-01,"This place is always slow. I only come here because it's around the corner from where I live. I need to find a closer one, or it needs to be run by new management.",Kcloie M.,mcdonalds-chicago-70
13,{'ratingValue': 2},2017-04-03,This is by far the slowest service ever at any McDonalds Ive been to. The drive thru is really a mess and the staff isnt even apologetic. I hate coming here! I strongly suggest some new management. The workers here could learn alot from the 35th St McDonalds. They are fast and efficient as well as polite. Do better yal...,Kuzn K.,mcdonalds-chicago-70
14,{'ratingValue': 1},2016-07-28,I've been going to this McDonalds since its been there and the workers are very slow. But there's a young lady name Diannette she's very polite and she know what's your regular. She deserve a promotion so that she can show her coworkers how to earn your customers respect,Cynthia H.,mcdonalds-chicago-70
15,{'ratingValue': 1},2016-01-27,"Shameful!  The staff is beyond pathetic and lazy and uninterested and disorganized and unhelpful and and and ....

Where are the corporate trainers and quality control supervisors?   It's a free for all in this DUMP.  

I'm doing everything I can right now to not loose my mind as I re-live this horrible experience.",Paul B.,mcdonalds-chicago-70
16,{'ratingValue': 1},2015-06-08,Waited 20 minutes for a McGriddle. This is probably a life lesson to myself that I don't need to be eating fast food.,Dana C.,mcdonalds-chicago-70
17,{'ratingValue': 1},2014-07-29,"This place is run by idiots. Everytime I've gone through the drive thru for something quick they're out of stock or a machine is broke. One time, the hot water machine was broken and I was told anything on the menu that requires water is unavailable! Get it together. I wish I could give this dump a zero star",Kerry O.,mcdonalds-chicago-70
18,{'ratingValue': 1},2013-04-27,"They are always out of something or their ice cream machine is broken.  Out of coffee one morning, out of muffins  another morning, and out of chicken.  And instead of saying ""I'm sorry we are out of ..."" They say ""no ice cream"" or ""no coffee.""  Worst customer service ever.  Super ghetto.",Giselle K.,mcdonalds-chicago-70
19,{'ratingValue': 1},2010-07-22,"Can I say that this McDonald's is probably the slowest I've ever gone to.  I normally go there to order my morning coffee and each time am forced to wait 7 minutes or more to get it.  The drive-thru cashier is normally busy checking out her long hot pink finger nails and using her bluetooth to speak to friend while I am giving my order.  Then she gets pissed because it sounded like she was asking me who did my hair when she was really asking whoever she was on the phone with. 

The coffee comes and because they refuse to put in the cream and sugar, I have to burn myself trying to drive with one knee and stir in some Splenda into a blazing out (rather thin) cup.",Joy S.,mcdonalds-chicago-70
0,{'ratingValue': 1},2016-01-12,"I was in the drive thru and it was absolutely horrible. i was in line for OVER 25 minutes. the cashier took my order wrong 4 times and over charged me. when i pointed it out, she got an attitude, slammed the window, mumbled something and walked off. she immediately came back to tell me that i owed her 1.44 cents and that i was ""holding up her line"". i explained to her what my order was and that she actually over charged my gift card and owed me money. she slammed the window after saying ""i dont know what to tell you"".  she came back to the window 4 minutes later with another lady to fix my order.  after all of that, i pull off with my children's food, i get halfway home only to find out that my order is missing 2 orders of cheesesticks AND a mcdouble. I turn around and go back . i go inside and the cashier tells me that she actually gave me EXTRA food(which she definitely did not). another cashier throws my food in a bag and all but flings it at me across the counter.  Absolutely unacceptable. by the time everything was done, my food was cold and i had to warm it up. I will never go back to that mcdonalds ever again. terrible service, cold food, inadequate workers.",Desi L.,mcdonalds-chicago-70
1,{'ratingValue': 1},2011-07-06,"This was possibly my worst experience at a McDonald's. First, the man taking my order at the drive through communicated poorly and the screen that shows orders was not working. When we received our drinks, we were rudely told that there were no straws. We then waited about 10 minutes for sausage burritos while all the staff we could see were either doing nothing or eating breakfast themselves. When the burritos finally came, I was told that they did not have picante sauce. Finally, after we drove away, my wife realized that they got our order wrong by putting sugar in her coffee when we only asked for cream, which is also what the ticket said. I doubt I will ever come to this McDonald's again.",John V.,mcdonalds-chicago-70
2,{'ratingValue': 2},2010-05-06,"Now, I must admit that I am NOT a McDonald's person but I was drawn into the hype of the new Frappe. I am not a coffee drinker either but every now and then I want that buzz! 
So, I ordered a large caramel Frappe which I guess would be comparable to Starbucks Frappucino. The most noticeable difference is that you can't really taste the coffee in the Frappe & its cost (much cheaper than SBs). It has more of a creamy & sweet taste yet it did not make my stomach turn. If you really need to taste the coffee, you would hate this concoction! The Frappe comes topped with whipped cream and is drizzled with caramel on top. It is very visually appealing and I looked very ""grown & sexy"" drinking it! ; ) 
OK, so you may be wondering to yourselves, ""Momma, why only 2 stars?""...well, allow me... when I went in, there was no line, no waiting...the cashier was cordial and accommodating. The problem: the machine was empty! Therefore, I had to wait for the obviously busy (wink wink) manager who had to be the ONLY person (of the 10 standing around) trained on refilling the machine on McDonald's newest creation. It took 15 minutes for this to happen. Just when I thought my order was complete (and yes this is the only thing I ordered!), I was disappointed yet again to find out that my yummy looking Frappe was going to the customer who had been patiently waiting in the ""pull out of the drive-thru line & wait in isolation while we complete 20 other orders 1st"" section. 5 minutes later, the cashier who originally took my order gave the monster machine a try and filled a SMALL cup with my Frappe. I secretly reminded her that I ordered a LARGE so she politely dumped my Frappe into a LARGE cup and squirted enough whipped cream on top to make up for the difference. I was saved by a manager hovering nearby who insisted that a proper LARGE Frappe was prepared for me. 
And finally, 30 minutes, one compliment on my choice of toe nail color and an open debate between 3 of the undoubtedly biggest HATERS in Chicago re: the authenticity of my hair later, I was finally afforded the opportunity to enjoy my yummy looking Frappe!",Mimi S.,mcdonalds-chicago-70
3,{'ratingValue': 1},2012-04-01,Operating a McDonald's that doesn't have unsweet tea should be a crime punishable by death.,John G.,mcdonalds-chicago-70
