,reviewRating,datePublished,description,author,alias
0,{'ratingValue': 3},2015-09-03,"I won't say I'm jumping for joy when it comes this McDonald's because I have had some good experiences and some bad ones.  

They are slow and at times it seems like they are moving in slow motion while you are watching them from the sidelines wondering when will you get your food.

I have had some cashiers that just smiled and asked me what my order was and others who look like I just stole their puppy.

The last time I took my granddaughter here to get a Mighty Meal they forgot her apple slices and many people complained about things missing from their order.

The tables were very dirty so I took my napkin to wipe off the table.  What I thought was rude is this while my granddaughter was finishing up her burger a lady came and wiped off the table and as the crumbs fell in our laps she said ""Oh Sorry!"" while we were sitting there and my grandbaby was in mid bite...Who does that?

You can't clean the table now that we are sitting here or you say something before you begin to place that nasty looking rag on the table where I'm eating.

Why did I give this place 3 stars instead of 1 like so many people have done in their reviews and hey I'm not judging I understand because you only get one chance to make a first impression.

This McDonald's is in my neighborhood and yes they are slow most of the time but I have also had some great experiences here as well.  The food is always fresh and they are employing young people in the neighborhood.

They do need to work on efficiency, timing and customer service for some.  They need to read the reviews and maybe even give a survey so they can better serve the community, because I have never gone into this McDonald's and it wasn't packed. 

Now, if I didn't live in the area I wouldn't travel to this McDonald's just to buy a burger but as long as I'm around I will come back.

They do need to restructure and get their timing together because when you go to McDonald's you are looking for Fast Food not Slow Food...was that too much...lol

Anyway, I will be back but that's only because they are close and my grand baby loves getting her McDonald toys.

Enjoy!!!",La Tonya G.,mcdonalds-chicago-95
1,{'ratingValue': 1},2019-10-27,Just had a terrible experience. Why is everything down. A sign should be put up to inform the customers. Then the cashier had a slight attitude. The sandwich was not even made right. I said well done and my cheese was not even melted. Then I couldn't even finish my sentence without the cashier over talking me. Maybe they need new employees or management. But I'm a manager at CVS and this customer service has to change. Signs please.,Christopher J.,mcdonalds-chicago-95
2,{'ratingValue': 1},2019-04-13,"Person working the drive through this morning at 11:19 is TERRIBLE and NASTY.  Spoke with managers twice during my short time in line as I refuse to complain to myself and leave, I fear their choice for quality employees are limited for an individual like this to directly interface with consumers AND handle money.  She represents a Dangerous combination!",Richard N.,mcdonalds-chicago-95
3,{'ratingValue': 1},2019-08-14,"Another ""Cash only"" McDonalds early in the morning. Almost every morning that I've tried going. Then for lunch everything seems to work. Except the Orange Juice machine on occasion. It's hard to believe McDonalds won't fix their card scanners. Maybe just a coincidence for the past 4 months I've started visiting this place.",Francisco G.,mcdonalds-chicago-95
4,{'ratingValue': 1},2018-04-23,"Literally, the worst very intentional & slow service. It doesn't matter that the drive thru lines are full or the entire lobby.... Not one person was served in the 15 mins . Inside or outside. No orders taken. No food handed out. No errors spoken to any of the 20+ people in lobby. I asked, and the bulk of us were window till either. I think one person got a hot coffee.


I left eventually. 10am  11/5/17. Btw, this is the 2nd McD Im trying in a row this morning. BTW, as i was leaving, the same impossible line of cars was still wrapped thru birth drive thru s. Not a single unit of movement

Update, I was very upset that morning. It was actually my third attempt to get coffee before work. I didn't think it would take over an hour. I actually got a bad coffee somewhere else and needed to cut it with another. Fast forward to 2 McD but no extra coffee. 

I had to go elsewhere",Char B.,mcdonalds-chicago-95
5,{'ratingValue': 1},2019-08-17,This is the worst location I've ever been too!! Please don't go!! I wish it would just close down!! Not sure how you mess up an order just for coffee but they did and it was somehow my fault!! Never ever again,Alisa N.,mcdonalds-chicago-95
6,{'ratingValue': 5},2018-09-14,So ill break this all the way down I only gave 5 stars because the cashier was really really good her name was katlynn or caitlyn however you may spell it she suggested i try the buttermilk tenders so i did i got a 6 piece with large fries and drinks i asked her for them to be dropped fresh and even agreed on waiting for it so of course the food was not freah out in fact the tenders was ao dry and hard ocouldnt believe I spent 10 bucks on ot . The quality of the food is awful even after i opted in for the wait for fresh dropped ones . I stood right at the counter it and thefries was not fresh but the service for the first time was phenomenal.  She was very very good and of course ill be back its my local mcdonalds but for people especially regulars if they want to wait for fresh please give them fresh,Leo B.,mcdonalds-chicago-95
7,{'ratingValue': 1},2019-02-25,This Mc Donald's has no morals when Rapists Kelly ( R Kelly) got out of jail he went to this Mc Donald's they served this dog they get no stars he's a rapist,Cynthia G.,mcdonalds-chicago-95
8,{'ratingValue': 1},2018-06-28,Just visited the location on 69th right off REDLINE in Chicago and I most say this location is the most unprofessional place I've ever visited in my life. It was literally no one in the restaurant as far customers and it took 3 min for someone to come take my order. Mind you that's after I had to ask an employee who was on break is anyone working.... So she hollers in back and say we need a casier and one of the employees yells back we don't have one. At that point I left. McDonald's needs to be better. BTW they gets no,Nekeda W.,mcdonalds-chicago-95
9,{'ratingValue': 1},2016-09-29,They deserve no stars management sucks the crew sucks the food sucks (i hate mc donalds) service is horrible extra slow the tables are dirty the bathroom is disgusting employees cuss and are very unprofessional i only go in there for coffee and that takes forever i never let them put cream and sugar in my coffee because they always mess it up. One line with over ten people in it one register open with a million employees in the back doing nothing and the manager is so slow instead of helping his workers he hanging signs up like dude get this line down then put your promo shit up security had to tell him hey these people gotta go to work open some more registers... This place has been fucked up for years the franchise needs to get on they ass ....and stop making them undercooked bubble beef look a like substance burgers  beef should be browned not grey .....yuck who eats this shit,Keith S.,mcdonalds-chicago-95
10,{'ratingValue': 3},2017-01-10,Drive-thru was efficient but this is the second week that they have not had diet pop available,Marc D.,mcdonalds-chicago-95
11,{'ratingValue': 1},2016-12-03,"They say 24 hours but they are not 24 hours... they do pretty much what they want... if your starving and have no choice but to stop at this Mcdonalds, do yourself a favor and DONT DO IT!",Venus T.,mcdonalds-chicago-95
12,{'ratingValue': 1},2017-12-24,Went to there location and was greeted rudely when pulling up. It's Christmas Eve and the guy and girl on the on the handset are playing and roasting customers. Completely unprofessional. This was midnight. Had to drive to another location.,Justin W.,mcdonalds-chicago-95
13,{'ratingValue': 1},2016-03-03,"Is it me or have the McDonald's restaurants around the south side have been taken over by hood idiots? I came here the other day for lunch since the location was on the way to my work  and it seems as if the workers there spend too much time running their mouths and not getting the orders out because the inside is always crowded and so is their drive thru. I ordered a large sweet tea-light ice (whoever made the drinks must not have been paying attention when the order called for LIGHT ice), large fries no salt-fries were cold and soggy when I got my order, and two fish sandwiches (neither barely had tartar sauce on them). I am too through with this location because they don't seem to be too concerned with the quality of service and making the food. I call them the workers that mommy and daddy had to force to get a job so they can start paying their own cell phone bills and other things like clothes.  Either way I am done with this location they've just worked my last nerve with the shitty service I've received numerous times. Don't bother going here until they decide to hire some real workers who want to have a job and not just because their parents made them get one.",Nafeesah A.,mcdonalds-chicago-95
14,{'ratingValue': 5},2015-01-02,"I had no problem with the service! They were very polite, and the service was fast enough. I have to say that those of you who are bashing this establishment, consider what these employees are paid for their work, consider that this isn't the greatest area and they get to deal with people (as I noticed) that take quite a while to get their order communicated. Seriously, this isn't wealthy suburbia, here, but they're doing their job and the wheels are turning. I was the only person in the place that clearly wasn't from the area. Do you think they treated me differently, because of it, NOPE! We're the speakers pumpin' out Snoop (an all-time great), YEP! -Lighten up!",William B.,mcdonalds-chicago-95
15,{'ratingValue': 1},2015-06-04,This McDonald's has the worse service I have ever seen at a McDonald's. I watched and listened to the manager curse and rant about how the customers get on his nerves like I wasn't even sitting there in my car at the window. Like we made him work there. He needs to be put back on fries or something. Nothing dealing with humans at all. And to add to the situation the food was awful. This is not the first time I got bad food and bad service. It's right up the street from me and I'm never going back. They don't even deserve me going back to complain...,David H.,mcdonalds-chicago-95
16,{'ratingValue': 1},2014-05-29,"This is the slowest McDonald's I have ever been to. I just went here for the dollar sundae, so you'd think that would've been an in and out experience but no such luck. As if the wait in line wasn't enough there was another about 10 min wait for the sundae. I wouldn't come back to this McDonald's unless I was absolutely starving and had no other options. There are way too many McDonald's in the city to have to wait for ever at one.",Andrea J.,mcdonalds-chicago-95
17,{'ratingValue': 2},2016-04-01,"If this isn't by far the worse McDonald's like man can I at least get some napkins with this cold burger and fries? How about my drink u forgot to fill because managers only have 1 cashier in front 20 ppl in back and four in the drive through with 30 customers ordering inside than out! Ghetto just ghetto no racism but where are the Mexicans? At least they don't show what they are thinking if they are mad or upset. But this staff is rude, hair every where, cursing and eye rolling. Let's not get started on the gang members having brunch every morning",Kitty C.,mcdonalds-chicago-95
18,{'ratingValue': 1},2014-08-08,How can someone scrw up an order. When you give an order number assigned to a meal. Wrong order . food cold.   ridiculous and there was not enough ink in printer to read the frickren reciept,mike s.,mcdonalds-chicago-95
19,{'ratingValue': 1},2014-11-26,Worst place I've ever been to in my life I waited 25 minutes for two cheeseburgers I had enough time to wait in line for me to create a new account to be able to tell everybody how bad this McDonald's really is in the cheeseburger was completely horrible makes me not even want to go to McDonald's again .. Stay away,Dillon J.,mcdonalds-chicago-95
0,{'ratingValue': 1},2012-08-15,"I just left Comer's Children Hospital with a sick 7 year, sleepy husband that school tomorrow and all of us were hungry. We stopped at two McDonald's both had people inside and no one ever answered the notification. Well, we caught the lazy, inept workers at the second one (69th and Lafayette - Dan Ryan). Guess McDonald's only wishes for exemplary service in OTHER neighborhoods. Uploading to send to corporate. I just saved them a few hundred $$ for a secret shopper - that's if they care http://youtu.be/K5lBp635Gso",Danielle W.,mcdonalds-chicago-95
