,reviewRating,datePublished,description,author,alias
0,{'ratingValue': 5},2018-10-13,"The Manager Carlos was amazing. Super friendly and helpful. Really professional. 

Made my visit very pleasant and I will definitely be back.",Sir J.,mcdonalds-chicago-19
1,{'ratingValue': 1},2018-12-08,They burnt my bagel on my sandwich....they had one job...did they put the toaster setting to 10??? Why do we even have that setting...,Jessica F.,mcdonalds-chicago-19
2,{'ratingValue': 1},2019-09-27,"Got an all day breakfast meal with a medium coffee. The coffee was served medium warm, not very hot. Drank it anyway with my meal since I was sitting in my car and until I got tired of drinking luke warm coffee. Went inside to use the bathroom and asked them to top off my coffee with hot coffee and they said no because I had already drank too much of it they said. Found that surprisingly rude and very anti-customer service oriented. Oh well, since that's how they treat their customers, I'll go elsewhere from now on.",David A.,mcdonalds-chicago-19
3,{'ratingValue': 1},2019-10-15,Drive through order taker was rude and impatient.  Neglected to tell me it was the same cost for any size soft drink.,B C.,mcdonalds-chicago-19
4,{'ratingValue': 1},2019-07-24,"Today I was treated abhorrently at this restaurant. Upon arriving w/my 2yo, I ordered a Happy Meal and Big Mac meal. I was given his meal without chicken nuggets. I had to bring it to their attention. I then opened my meal to find my Big Mac bread was hard and cold, as were the fries. Again had to go up to the counter. It took 15min from initial food order to when I received my food because they forgot about us. My child didn't eat his lunch so I packed it away and we went to play at the Play Place. After about 20min of play, the manager stated I couldn't have food in there. I replied it said no eating and we weren't eating. My things were on a ledge away from the children's reach. She said I couldn't be in there with it. I don't throw away food so I asked her if there was a designated place where I could leave it while my child played. The
Manager said no. I left with my child and then spoke to a supervisor. She said those were the rules: no food or drink. I said there were mothers feeding their kids bottles and why was that okay but a sippy cup with a tiny bit of milk was not. She said: we are working on that. What does that even mean??? I was unfairly targeted and humiliated in front of other families. My child was upset that we had to leave. This was a horrible, horrible experience and I am absolutely appalled that we were treated in this manner.",Raquel S.,mcdonalds-chicago-19
5,{'ratingValue': 3},2018-07-31,"I had a pretty regular experience at this location. On my visit to this store we ran through the drive-thru to grab a quick bite and a sweet tea. Drive thru was pretty quick, and we didn't have a wait at all. When we got our food our fries and sandwiches were hot, and tasty. Nothing stood out to me good or bad, and I'd run back through if I'm in the neighborhood.",Bella K.,mcdonalds-chicago-19
6,{'ratingValue': 2},2019-03-04,Not my best experience at this location. After a long flight home I needed to eat and I came to this location. They first forgot my fries with my meal and then I get home and take a couple bites of my quarter pounder and look down and see raw meat. I want to give them credit because I came at 11:30pm on a Monday night but there are no excuses for this raw of meat.,Rachel S.,mcdonalds-chicago-19
7,{'ratingValue': 1},2018-12-08,Worst McDonalds I have ever been to late night prepare to wait 30 minutes for your order total joke they should just close,Brian M.,mcdonalds-chicago-19
8,{'ratingValue': 1},2019-01-08,This McDonald's over charges on few items. I know every franchise owner seem to agree with certain prices but this one is little more. For example coffee is $1.10 every other mcdonalds but here it's about $1.50. Same for food as well. It's not even located in downtown and they're over charging.,Jay C.,mcdonalds-chicago-19
9,{'ratingValue': 1},2017-03-23,"My lord this is the worse McDonald's. I have. Even through the drive thru a few time in the morning and it's always slow. Today it was 13 minutes and only two people in front of me. 

I have seen McDonalds stores build quicker than this one can serve food.",David Z.,mcdonalds-chicago-19
10,{'ratingValue': 1},2018-03-05,This is a horrible place. Been many times cuz live close. Treated rude every time! Never try to help in ANY way. Just waited 20 min in drive through right now for some reason. Don't think I can come here anymore!!!,Scott B.,mcdonalds-chicago-19
11,{'ratingValue': 3},2018-03-05,"I see a lot of bad reviews on this place, but I haven't had the wait problems like these other folks have had. Everytime it's been pretty quick getting thru the drive thru. Food is always hot when I get it, and the sweet tea is still one of my favorites even coming from when I lived in the south where sweat tea ruled everywhere. When your craving McDonald's it's nice to have a place as close as this is to my house. Will definitely be back when I'm off my diet",Adam H.,mcdonalds-chicago-19
12,{'ratingValue': 1},2015-07-05,"15 minutes waiting  for a Asian salad no chicken
When they said is ready........ 
Hello not what I order 
They have only 2 ppl working in the kitchen 3 ppl in front
And they want $15 dlls for hour wth
You got a be crazy no I'm sorry , no apologize  forget it I want my money back",Cely R.,mcdonalds-chicago-19
13,{'ratingValue': 3},2017-10-29,Great play land.  Understaffed at the counter though.  They get so much Uber business that the wait time for for food is intolerable.,John D.,mcdonalds-chicago-19
14,{'ratingValue': 3},2015-02-06,"The manager tonight was perfect-- great customer skills.

Unfortunately the downfall is everything else. 

1) The new batch of fries are soggy and not the McDonald's ""quality.""
2) nuggets tastes... Off.
3) though rectified by the manager, the [native english speaker] cashier got my order wrong.

3 stars is really high rating for me throwing away $8 down the drain. Really shows you how great customer-care can make a difference. 

*sigh. I was really look forward to these fries...",Michelle P.,mcdonalds-chicago-19
15,{'ratingValue': 1},2018-06-28,"Went to McDonald's because I hadn't eaten all day and was going to treat myself to a big Mac.  So I drive out of my way in bad traffic to get my big Mac.  Place the order, wait in the drive thru line and everything was fine.  I get my food and it takes me 30 minutes to drive home less than 2 miles because of cub's game traffic.  I get home, open the bag and there's no big Mac but a 4 pc chicken mcnuggets.  I was so angry. I went out of my way, took all that time, paid for a big mac and I get chicken mcnuggets.  Called store, left msg and no one ever calls me back.  Did mcdvoice survey, still nothing.  what a waste of time and money.  I will definitely never go back to that McDonald's and if i'm starving i will go out of my way to find a burger king even if mcd is across the street.  Terrible customer service.  Heads up McDonald's. 
 based on other reviews of this location you have a problem.",Barbara M.,mcdonalds-chicago-19
16,{'ratingValue': 1},2017-06-26,"Worst experience ever 
Total wait, at nearly 9 pm. Everything was wrong with a me pick 2 combo and flurry. They didn't get any sauces after asked for twice. And I was never given a receipt or total number . This place is a dump",Zak J.,mcdonalds-chicago-19
17,{'ratingValue': 5},2017-03-25,"This has to be one of the best run McD's in the world.  I encourage the Oak Brook executives to drop in any time and see a restaurant that does everything right.  The place is always super clean, the staff is very friendly and professional, and the food/drinks are obviously made to exact standards -- so they are delicious!  The decor is very modern and stylish, and the whole atmosphere is inviting...what a wonderful restaurant!  Just wait...it's fabulously staffed, managed, operated...everything.",Greg B.,mcdonalds-chicago-19
18,{'ratingValue': 1},2013-08-10,"My mom used to tell me, ""If you don't have anything nice to say, you shouldn't say anything at all.""

I'll leave it at that...",Kathleen O.,mcdonalds-chicago-19
19,{'ratingValue': 1},2014-08-25,"I visited this location on 8/15 and 8/21. I ordered the same thing both times. On 8/21 visit I told the drive thru cashier that I was disappointed last time (first visit to this location and my first in Chicago) because the large fries that came with my #1 large meal was miniscule and didn't fill 1/2 the container. She assured me she would make sure this one was correct. Didn't happen. 8/21 I received the same serving as the first time. The fries barely came over the curved front of the container. Very disappointed in the serving size based on all advertising and my past experiences with McD on the west coast where I previously resided. I certainly don't mind paying for a large as long as I receive what I paid for. The serving size needs to be addressed at this location. I cannot say anything about another location except Grayslake, IL, where the serving size of fries was appropriate.
I sent this to McD corporate and their response was SORRY and they would contact the local rep and the franchisee and they hope I'll try McD again. I never was contacted by anyone from the franchisee. So, in other words, tough luck, try again. No concern whatsoever and no compensation for poor cust service. Won't visit this location ever again or any other McD if I can help it. Congrats, you've lost a customer! BTW McD ref#:11302690",Neil O.,mcdonalds-chicago-19
0,{'ratingValue': 1},2016-07-01,"Menu board lists double cheeseburger at $1.89
When priced, it comes up at $1.99
When told about it, cashier tried to say the McDouble was $1.89 which is not true. And it clearly had double cheeseburger priced at $1.89.

I know it's not a lot, but it is bait and switch and Fraud",Shawn M.,mcdonalds-chicago-19
1,{'ratingValue': 1},2013-02-03,REALLY messy in here! We came to have a drink and talk and have been here for 45 minutes and no one has cleaned a table or swept the floor and it looked this bad when we got here. People have been bussing the tables to have a place to sit. Garbage cans are also filled to the top. There are about 9 people working behind the counter and it hasn't been so busy that one person couldn't take some time to clean!,Peter M.,mcdonalds-chicago-19
2,{'ratingValue': 1},2013-01-12,"Just about the worst McDonald's I've been too. It really has to do with the manager and the way he makes the employees do things.

First of all, if you want any sauce from the drive-thru, its an extra charge! After paying, and realizing it at the 1st window, I brought it up to the girl who said the manager doesn't want us telling people it's extra, and they would get in trouble... On to Window #2 where I asked for the manager. The manager told me this was their policy, and I asked to see the policy. He could not produce anything. 

This place should put up signs if they're going to charge so people don't get upset at the employees who are just following orders. This manager is also a terrible person from the 45 second interaction I had with him.

Oh yah, one time I went inside to order and I walked in circles like an idiot looking for the non-existent ketchup/napkin/straw bench. Why?",Brandon M.,mcdonalds-chicago-19
3,{'ratingValue': 4},2014-06-14,I work hear and most of use do the best that we can for all the people that come in hear,David H.,mcdonalds-chicago-19
4,{'ratingValue': 2},2012-11-09,"Late night they have the slowest drive through on in the city.  I have had to drive off multiple times, because of their inability to move customers.  The store is newly remodeled, but they need to remodel some of their staff.  It's a shame since this location is very convenient and we do go here frequently for ice cream or a quick drink.",Luke S.,mcdonalds-chicago-19
5,{'ratingValue': 1},2013-02-09,"Here is the truth, McDonalds should not be on yelp. A corporate monster like this should be able to give out the same quality food and service across the board. However, this store seems to lack what others shine in.

The service is slow, the workers are rude. When ordering it's always important to make sure they get it all right and repeat it back, because many a time, I have ended up with the wrong soda, or even being over charged for an item they thought I needed.

The new mighty wings are delicious, and the daily double is a solid score. But at this establishment, do not think you are getting what you have at other sister stores. Fries are cold, the chicken wings are mediocre and the daily double are made sloppily and I found hairs in them. I've seen waiting with Ryan Reynolds, so it makes me gag when I see hairs.

Be careful and beware america, this McDonalds is not consistent and won't give you the quality you expect.",Will B.,mcdonalds-chicago-19
6,{'ratingValue': 5},2011-01-30,"This review is for Mickey's Mocha Frappe, Chicken Nuggets, Customer Service and Building Structure.

Mocha Frappe, sans whipped cream, may just be the highlight of my morning. It's delish. and like 4 dollars cheaper than the 'bucks. Love it.

The PIC always gets the nuggets and demolishes them, so you know they have to be good. Spicy Mustard is the way to go for a dipping solution.

Customer service in the drive thru has always been correct. Thank you for that.

Love the new design of the building. Doesn't look like your typically McDonalds. They completely remodeled it. Haven't ever been inside but the outside is legit. :)",Melissa D.,mcdonalds-chicago-19
7,{'ratingValue': 1},2015-07-30,"Just went through the drive thru, it's 10am on a Thursday morning.  Not only could I not hear the speaker because of how low it was, as I tried to mention it to the girl at the window, she rudely interrupted me to bark my order at me.  Additionally, she didn't give me a receipt and messed up my order.  The management must not care about the poor attitudes of their staff as this has happened with ths girl more than once!",A S.,mcdonalds-chicago-19
8,{'ratingValue': 3},2007-10-12,"FAster, Bigger, Wider, Stronger..the morning after chant  that goes through your head as you spend hours in the water closet after a long night of work and playing hard and as you exit into your bedroom you notice the wrappers.

The half chewed remains of chicken nuggets and sweet and sour sauce, quarter pounders and french fry boxes, little straw wrappers, paper cups, apple pies and more wrappers and then the smell.

its in the room, on your clothes, in your hair, sweating from your skin, its not breakfast food, so you know you left the club before 4, there are only 3 bags of food on the ground, so you know you are alone.

24-hour drive thru with the double order boxes to move the line even faster, you are my backup diary to the days I know not what I do. Please stop it already, I am on a diet.",Peteen G.,mcdonalds-chicago-19
9,{'ratingValue': 2},2009-08-04,"Can't judge too harshly, after all this is McDonalds.  The corporate champion of corn based food 'products' shaped like your favorite American staples; burgers, shakes, assorted sandwiches containing at least 25% digestible food.

Two stars because the drive thru is open 24 hours a day.  They would have been given 3 stars but they don't let you walk through the drive thru anymore!  I live across the street and I'll be damned if I'm going to get in my car when I'm hammered and craving a grease bomb to shove down my gullet.  This usually leads me to either walk to Jewel up the street or to get in a cab just so I can do the drive thru.  If it sounds ridiculous to go to these lengths for crappy burgers than you apparently haven't been taking enough shots of Jameson recently.

Oh, and the inspiration for the drive thru scene in ""Dude, Where's My Car?"" where the Asian lady keeps asking, 'and then?'  Yeah. That lady works the drive thru late night at this McDonalds for sure",Matt M.,mcdonalds-chicago-19
10,{'ratingValue': 4},2012-07-14,"Love, love the redesign! It is very organic looking and very zen feeling! My kids really like the play area, although they miss the large slide and climbing gym, it was definitely a big hit with my 2 yr. old! My 7 yr. old was entertained with the interactive computer game and my 4 yr . old was just enjoying both worlds!",Leticia R.,mcdonalds-chicago-19
11,{'ratingValue': 1},2012-02-15,"Ghetto. Some hunnie jumped from the end of one line to the front of another when they opened another register. When I called her on it, she just kept talking over me, continuing to order her 3 cookies. Others who she also jumped in front of grumbled too about her time being more important than others.

When it was my turn to order I told the McD's guy, 'You know, you were the only one who could have done anything about that.' Before he could respond, hunnie was in my face saying, ""I'm not going to stoop to your level and respond to that. And if you keep talking about it, it's going to get real ugly up in here."" Oh, did I mention she did this in front of her grammar-school aged son?",Mary K W.,mcdonalds-chicago-19
12,{'ratingValue': 5},2014-04-18,"This is the best fast food restaurant that I have gone to. It is more pricy than other but the service is amazing. The people in the kitchen work really fast, the managers are friendly (Jose R. was very polite and cheered me up on my bummy day, he also mad sure that the staff was working efficiently. My cashier was amazing she was so funny and worked fast, she had such a huge impact in my day that i remembered her name, Ana. I got my french fries fresh and my fudge sunday was delicious. I went in there for some fast food on a bad day but the staff turned my day around. Props to them, I will be telling my friends to come here instead of the burber king on fullerton and Sheffield.",Cynthia R.,mcdonalds-chicago-19
13,{'ratingValue': 4},2013-12-14,It's true the service is not the fastest and not always super friendly. However they are not rude and they do try to make up for slower than the average McDonald's service. I usually end up with some free food. At least I always get the correct order. Also the kids play area is sufficient and my daughter has never been disappointed.,Nancy G.,mcdonalds-chicago-19
14,{'ratingValue': 3},2011-03-30,This McDonald's is now cleaner then it was and is still has a 24hr drive through. I eat here once in a great while. The food is ok..............its McDonalds.,Michael B.,mcdonalds-chicago-19
15,{'ratingValue': 1},2011-04-21,"This place literally sucks. The managers in the morning do not do anything but stare at the long lines and telling the employees to move faster. the drive thru lines always seem to be busy and have problems. Employees are so ungrateful, all they say is hi, some dont even say anything.",Armando L.,mcdonalds-chicago-19
16,{'ratingValue': 5},2007-07-10,Drive through open 24 hours a day 7 days a week! This is my kind of McDonalds!,Therron R.,mcdonalds-chicago-19
17,{'ratingValue': 1},2007-10-14,"My visit here went like this:

I'd like to order this sandwich and a milkshake.
Here's your food.
There are fries in this bag.  I didn't want the meal, just the sandwich.
Here's a refund for the fries.  Good night.
I also ordered a shake.
Oh right, let me get that for you.

I know this is McDonald's I'm talking about but that kind of service was ridiculous especially considering there were two other people in the place.",Not J B.,mcdonalds-chicago-19
18,{'ratingValue': 5},2011-11-29,"I can't believe that I am doing a review about MickyD's, but I just want to thank the drive thru ladies around 7 am everyday. I usually grab a cup of coffee each morning before work, and they are very fast and sooooo friendly. So thank you for being so nice and happy each morning.",LB B.,mcdonalds-chicago-19
19,{'ratingValue': 1},2010-02-20,"Once again, another fast food outlet in Lincoln Park fails to meet my expectations.  Sure the menu is great and the prices are good, but I get nowhere when they reject my credit and debit forms of payment consistently.  Interestingly enough, they seem to tell me this after I order my food and almost always when my bill is just over $3.  Something funny is going on.  I don't care if my bill is $0.01, because here in America at McDonald's, credit and debit are always accepted.  I don't care if their network is down, they need to have a protocol in place to manually record credit transactions OR be accommodating and just give my my $3 breakfast for the inconvenience.  I have emailed corporate at least four times about these incidences, yet nothing seems to change.  If the citizens and visitors of the City of Chicago are able to charge $0.25 on their credit/debit cards for parking, we surely should have the right to eat at McDonald's with our cards whenever we want (ESPECIALLY when McDonald's displays all of the credit/debit card logos they accept on the door before you walk into the establishment).  Once again, the employees don't value the business of the customer and don't realize that their very jobs depend on it.  For this reason, McDonald's at 2834 N Ashland gets one star.",Patrick J.,mcdonalds-chicago-19
